Wanda,Long,wlong0@technorati.com,Kalate,07/01/1987,62-(512)618-8617,geocities.jp,
Annie,Cunningham,acunningham1@homestead.com,Piaski,10/12/1987,48-(111)222-4387,posterous.com,
Nancy,Stewart,nstewart2@webnode.com,Hlybokaye,30/07/1988,375-(623)386-3563,google.com.au,
Douglas,Roberts,droberts3@hostgator.com,Iogach,15/07/1982,7-(718)328-4472,cloudflare.com,
Margaret,Little,mlittle4@howstuffworks.com,Sam Phran,13/10/1984,66-(690)851-2027,vkontakte.ru,
Phyllis,Morgan,pmorgan5@multiply.com,Qiqin,27/02/1981,86-(737)346-1321,google.de,
Jennifer,Sims,jsims6@is.gd,Hafrsfjord,08/07/1982,47-(710)311-4767,yellowbook.com,
Larry,Adams,ladams7@privacy.gov.au,Qingban,30/01/1984,86-(214)971-0529,telegraph.co.uk,
Fred,Bryant,fbryant8@bluehost.com,Lakota,26/05/1985,225-(300)258-7271,opensource.org,
Phillip,Ray,pray9@time.com,Vyshneve,19/04/1981,380-(887)336-1066,netlog.com,
Lois,Long,llonga@rambler.ru,Dolní Libina,04/11/1987,420-(454)783-6006,cmu.edu,
Carlos,Morales,cmoralesb@tmall.com,Yakovlevskoye,09/08/1987,7-(718)382-1372,geocities.com,
Beverly,Bennett,bbennettc@cocolog-nifty.com,Halimpu,17/04/1986,62-(911)901-5596,latimes.com,
Kevin,Sanders,ksandersd@bandcamp.com,Sukamanah,18/11/1989,62-(450)623-2263,bravesites.com,
Juan,Duncan,jduncane@google.ru,Dawei,28/02/1984,95-(856)728-1147,time.com,
Paula,Fowler,pfowlerf@amazon.co.jp,Xigangzi,03/10/1982,86-(476)367-5629,hugedomains.com,
James,Nichols,jnicholsg@pcworld.com,Qingliu,26/12/1981,86-(352)714-8871,blog.com,
Shawn,Willis,swillish@csmonitor.com,Góra,01/07/1980,48-(824)260-4089,4shared.com,
Ann,Black,ablacki@biblegateway.com,Dzorastan,13/12/1985,374-(104)958-5937,gnu.org,
Craig,Armstrong,carmstrongj@twitter.com,Villamontes,22/01/1981,591-(740)723-5941,engadget.com,
Joan,Hernandez,jhernandezk@sourceforge.net,Savannah,28/06/1980,1-(912)185-3069,hud.gov,
Ralph,Taylor,rtaylorl@theguardian.com,Bagroy,04/01/1989,63-(955)309-8576,house.gov,
Denise,Reyes,dreyesm@naver.com,Jinshan,13/11/1987,86-(650)854-4333,yellowpages.com,
Paula,Burton,pburtonn@imdb.com,Pomiechówek,09/12/1988,48-(193)780-3337,cloudflare.com,
Roger,Shaw,rshawo@census.gov,Notodden,09/05/1986,47-(196)518-4446,twitter.com,
Julie,Coleman,jcolemanp@google.de,Espargos,11/07/1989,238-(348)660-4072,answers.com,
Joseph,Stewart,jstewartq@mayoclinic.com,Sonzacate,15/08/1980,503-(919)645-6279,europa.eu,
Joe,Coleman,jcolemanr@taobao.com,Doug An,23/02/1989,84-(538)371-3702,simplemachines.org,
Rose,Lawrence,rlawrences@amazon.co.jp,Huadi,13/04/1987,86-(182)457-9298,mail.ru,
Laura,Morgan,lmorgant@examiner.com,Pore,08/05/1989,57-(378)340-3182,privacy.gov.au,
Carl,Roberts,crobertsu@bloomberg.com,Shancheng,21/10/1984,86-(388)575-0678,google.cn,
Donna,Wilson,dwilsonv@last.fm,Kranuan,19/11/1981,66-(466)827-6597,chron.com,
Robert,Richards,rrichardsw@mlb.com,Grande Prairie,01/09/1989,1-(859)226-5864,accuweather.com,
Howard,Roberts,hrobertsx@geocities.com,Hartford,04/06/1981,1-(860)135-9037,pinterest.com,
Gregory,Murray,gmurrayy@friendfeed.com,Elat,29/06/1987,62-(145)717-3811,github.com,
Margaret,Wagner,mwagnerz@nyu.edu,Wairinding,30/06/1987,62-(482)510-5047,cdbaby.com,
Debra,Collins,dcollins10@nbcnews.com,Caigongzhuang,26/03/1988,86-(853)831-2942,businessinsider.com,
Wanda,Murray,wmurray11@1688.com,Hwangju-ŭp,29/07/1983,850-(595)437-1703,cafepress.com,
Melissa,Phillips,mphillips12@163.com,Huainan,28/06/1980,86-(916)755-4385,bandcamp.com,
Katherine,Medina,kmedina13@tmall.com,Jurh,13/10/1988,86-(537)865-5540,nba.com,
Theresa,Woods,twoods14@constantcontact.com,Odawara,10/06/1980,81-(950)256-5598,marketwatch.com,
James,Riley,jriley15@tinyurl.com,Berehomet,04/08/1986,380-(782)210-4996,list-manage.com,
Sean,Jones,sjones16@reddit.com,Jardim do Seridó,14/09/1986,55-(876)209-4998,ibm.com,
Jerry,Greene,jgreene17@diigo.com,Žalec,19/01/1982,386-(994)805-6815,1688.com,
Thomas,Diaz,tdiaz18@hhs.gov,Nowosielce-Gniewosz,10/03/1984,48-(586)555-1417,comsenz.com,
Harold,Phillips,hphillips19@pcworld.com,Xufeng,09/02/1987,86-(801)116-8231,time.com,
Betty,Cox,bcox1a@slideshare.net,Primorsko,07/10/1984,359-(528)369-3312,amazonaws.com,
Robert,Nguyen,rnguyen1b@scientificamerican.com,Meedhoo,23/04/1985,960-(724)407-1739,list-manage.com,
Willie,Gonzalez,wgonzalez1c@house.gov,Xitou,19/07/1980,86-(677)855-9925,squarespace.com,
Pamela,Larson,plarson1d@biglobe.ne.jp,Xinfeng,11/09/1983,86-(404)241-0191,wikispaces.com,
Carlos,Peters,cpeters1e@ameblo.jp,Boje,26/12/1988,234-(771)451-2292,usnews.com,
Diana,Reid,dreid1f@so-net.ne.jp,Markaz al Marīr,28/05/1985,967-(434)535-7313,arizona.edu,
Joan,White,jwhite1g@odnoklassniki.ru,Ulbroka,07/11/1986,371-(593)723-9056,cargocollective.com,
Marilyn,Riley,mriley1h@bravesites.com,Dobryanka,19/07/1984,7-(519)508-2317,multiply.com,
Catherine,Carter,ccarter1i@mashable.com,Sumberagung,26/04/1988,62-(335)392-7946,comsenz.com,
Ashley,Torres,atorres1j@theatlantic.com,Trảng Bom,13/09/1986,84-(569)699-7646,nih.gov,
Louise,Nelson,lnelson1k@china.com.cn,Malec,06/08/1983,48-(822)468-6301,indiatimes.com,
Carlos,Mitchell,cmitchell1l@nationalgeographic.com,Ruzhany,20/07/1980,375-(816)154-4990,mediafire.com,
Charles,Medina,cmedina1m@dot.gov,Strezhevoy,10/11/1980,7-(512)948-3368,ask.com,
Sarah,Peterson,speterson1n@imageshack.us,Tonglin,12/02/1989,86-(891)150-6192,seesaa.net,
Marie,Ford,mford1o@cpanel.net,Cedry Wielkie,14/07/1982,48-(684)748-6226,merriam-webster.com,
Julia,Carpenter,jcarpenter1p@utexas.edu,Ljubovija,15/08/1982,381-(739)981-8612,cafepress.com,
Rose,Duncan,rduncan1q@arizona.edu,Beidong,14/09/1986,86-(612)829-1380,arstechnica.com,
Albert,Lynch,alynch1r@booking.com,Peña Blanca,20/08/1983,504-(889)608-7441,wikipedia.org,
Martin,Graham,mgraham1s@blogs.com,Aībak,21/12/1988,93-(393)462-0190,cam.ac.uk,
Scott,Marshall,smarshall1t@unc.edu,Yaosai,25/12/1984,86-(528)742-9346,google.fr,
Timothy,Watkins,twatkins1u@sina.com.cn,Zhulebino,31/07/1985,7-(576)405-8026,mit.edu,
Henry,Hawkins,hhawkins1v@uiuc.edu,Zaandam,09/07/1989,31-(637)261-3144,bing.com,
Joseph,Kim,jkim1w@ovh.net,Kujang,03/06/1982,62-(351)245-9725,google.nl,
Debra,Dunn,ddunn1x@shutterfly.com,Cuenca,05/09/1986,593-(203)617-4469,opera.com,
Samuel,Peters,speters1y@webeden.co.uk,Ocaña,13/03/1988,57-(550)890-1572,ucsd.edu,
Jimmy,Robinson,jrobinson1z@eepurl.com,Irbit,23/06/1981,7-(637)160-2130,prnewswire.com,
Clarence,Gomez,cgomez20@who.int,La Estancia,06/12/1986,504-(125)707-2008,weebly.com,
Juan,Shaw,jshaw21@examiner.com,Janów,01/07/1981,48-(204)447-7705,wired.com,
Mary,Tucker,mtucker22@nytimes.com,Fuxin,07/07/1982,86-(347)614-2746,census.gov,
Sara,Rivera,srivera23@ehow.com,Tomarovka,03/11/1987,7-(869)971-0610,sohu.com,
Nancy,Diaz,ndiaz24@google.es,Banjar Tengah,03/02/1987,62-(334)775-1879,ow.ly,
Nancy,Rivera,nrivera25@multiply.com,Kastav,10/04/1984,385-(584)337-7975,ow.ly,
Julie,Harvey,jharvey26@cargocollective.com,Stupino,02/07/1987,7-(710)747-5568,mtv.com,
Frank,Pierce,fpierce27@howstuffworks.com,Dainan,26/12/1982,86-(538)691-7021,omniture.com,
Virginia,Hill,vhill28@instagram.com,Xiaoguwei,08/01/1986,86-(166)579-3481,narod.ru,
Wayne,Wheeler,wwheeler29@123-reg.co.uk,Polonnaruwa,20/07/1981,94-(450)541-7573,squidoo.com,
Earl,Coleman,ecoleman2a@comcast.net,Hedi,11/03/1984,86-(413)728-0996,hostgator.com,
Douglas,Nichols,dnichols2b@stumbleupon.com,Babica,09/05/1989,48-(491)867-5874,prnewswire.com,
Mary,Jones,mjones2c@amazon.com,Imulolong,26/11/1981,62-(237)814-8792,w3.org,
Jerry,Hayes,jhayes2d@hubpages.com,Jatirejo,07/09/1986,62-(773)824-0820,yahoo.co.jp,
Amanda,Walker,awalker2e@geocities.com,Vale Maceiras,31/03/1985,351-(181)933-0583,ted.com,
Philip,Lopez,plopez2f@wsj.com,Benito Juarez,27/10/1987,52-(283)709-6052,epa.gov,
Christopher,Baker,cbaker2g@liveinternet.ru,Bichena,01/03/1990,251-(662)945-5750,homestead.com,
Anna,Cook,acook2h@netlog.com,La Jagua de Ibirico,05/05/1987,57-(434)507-6540,sourceforge.net,
Matthew,Bell,mbell2i@spotify.com,Dera Bugti,07/01/1990,92-(315)487-0364,admin.ch,
Joyce,Ortiz,jortiz2j@npr.org,Debrecen,22/08/1981,36-(348)657-8896,google.com.au,
Paula,Moreno,pmoreno2k@bbb.org,Sampaloc,28/07/1989,63-(611)674-6320,phpbb.com,
Willie,Bishop,wbishop2l@columbia.edu,Kruengraya,24/07/1981,62-(303)181-8505,google.it,
Sara,Webb,swebb2m@usnews.com,Hullo,24/06/1982,372-(572)187-8847,cisco.com,
Denise,Romero,dromero2n@com.com,Villa Lugano,20/02/1983,54-(822)814-6951,tripadvisor.com,
Benjamin,Gray,bgray2o@columbia.edu,Iwata,18/04/1985,81-(651)931-7387,pbs.org,
Donald,Frazier,dfrazier2p@ameblo.jp,Cibangun Tengah,21/10/1982,62-(415)716-3341,ftc.gov,
Brandon,Collins,bcollins2q@opensource.org,Zhengyu,29/07/1985,86-(865)742-8756,typepad.com,
Marilyn,Lane,mlane2r@hc360.com,Idenao,12/03/1985,237-(641)569-7668,dailymotion.com,
Christina,Torres,ctorres2s@timesonline.co.uk,Xieqiao,19/09/1987,86-(416)205-5001,ucoz.com,
Christina,Kennedy,ckennedy2t@weebly.com,Rislane,11/04/1986,212-(259)308-6804,diigo.com,
Amanda,Flores,aflores2u@whitehouse.gov,Alicia,30/05/1983,63-(230)631-0378,sbwire.com,
Jimmy,Carr,jcarr2v@youku.com,Yancheng,27/05/1984,86-(509)103-7541,illinois.edu,
Lori,Hunt,lhunt2w@parallels.com,Conroe,19/12/1988,1-(936)156-6759,theguardian.com,
Brenda,Martin,bmartin2x@parallels.com,Igunga,16/09/1984,255-(288)789-1379,wordpress.org,
Teresa,Castillo,tcastillo2y@desdev.cn,Gading,09/10/1985,62-(760)484-2914,washingtonpost.com,
Laura,Bailey,lbailey2z@spotify.com,Suan Luang,13/04/1989,66-(445)236-8269,google.ru,
Rose,Weaver,rweaver30@state.gov,Pambuhan,18/10/1980,63-(117)665-5441,themeforest.net,
James,Watkins,jwatkins31@infoseek.co.jp,Bila Tserkva,18/11/1989,380-(415)903-1440,adobe.com,
Judith,Boyd,jboyd32@imageshack.us,Nong Khaem,17/10/1983,66-(424)804-9623,microsoft.com,
Susan,Moreno,smoreno33@elpais.com,Kamenjane,09/07/1988,389-(562)846-8679,aboutads.info,
Lois,Riley,lriley34@vinaora.com,Amor,30/04/1982,351-(579)442-1472,canalblog.com,
Bruce,Ford,bford35@foxnews.com,Planaltina,12/12/1988,55-(869)549-2310,so-net.ne.jp,
Beverly,Ruiz,bruiz36@businessweek.com,Guaranda,23/08/1980,593-(814)304-0631,webeden.co.uk,
Mildred,Gray,mgray37@twitpic.com,Pingqiao,09/03/1990,86-(838)512-5642,wisc.edu,
Janice,Porter,jporter38@blog.com,Kanekomachi,01/04/1990,81-(297)806-2380,bravesites.com,
Lillian,Garza,lgarza39@mysql.com,Eindhoven,10/09/1982,31-(798)477-1766,nbcnews.com,
Elizabeth,White,ewhite3a@merriam-webster.com,Nikopol,15/11/1984,359-(739)536-4502,shinystat.com,
Judith,Graham,jgraham3b@amazon.co.jp,Great Neck,25/07/1989,1-(516)668-5852,google.nl,
Benjamin,West,bwest3c@cbsnews.com,Aldeia de Juzo,08/07/1987,351-(447)649-3387,com.com,
Howard,Walker,hwalker3d@va.gov,Yinglan,15/03/1984,86-(457)763-5337,scientificamerican.com,
George,Murphy,gmurphy3e@virginia.edu,Kaburon,16/12/1983,62-(316)280-2696,wikipedia.org,
Harry,Edwards,hedwards3f@wordpress.org,San Miguel,16/10/1985,63-(684)616-3155,macromedia.com,
Christopher,Alvarez,calvarez3g@dagondesign.com,Ra’s Bayrūt,14/07/1980,961-(495)238-1348,com.com,
Sarah,Gilbert,sgilbert3h@theglobeandmail.com,Plaza de Caisán,23/03/1983,507-(325)959-2621,umn.edu,
Bobby,Lee,blee3i@histats.com,Akkol’,03/01/1987,7-(931)141-3554,reuters.com,
Shirley,Fernandez,sfernandez3j@freewebs.com,Jiaoyang,06/11/1989,86-(428)187-5222,posterous.com,
Brandon,Porter,bporter3k@hibu.com,Anding,13/03/1987,86-(363)888-9024,slate.com,
Martha,Reed,mreed3l@bandcamp.com,Donskoy,23/01/1983,7-(177)982-3621,miibeian.gov.cn,
Jerry,Brooks,jbrooks3m@cbsnews.com,Hepu,20/02/1987,86-(476)337-3052,china.com.cn,
Carl,Perry,cperry3n@elpais.com,Várzeas,06/06/1982,351-(945)589-2887,oaic.gov.au,
Arthur,Porter,aporter3o@bing.com,San Sebastian,27/11/1988,63-(185)300-1292,amazon.co.jp,
Patricia,Taylor,ptaylor3p@wiley.com,Sidoaji,26/02/1986,62-(538)459-8333,china.com.cn,
Dennis,Roberts,droberts3q@businessinsider.com,Herzliyya,10/07/1983,972-(594)165-6336,ca.gov,
Judy,Fowler,jfowler3r@topsy.com,Nong Bua Lamphu,12/06/1983,66-(972)614-6204,hhs.gov,
Patricia,Lee,plee3s@businessweek.com,Góra,31/07/1989,48-(866)283-7337,pen.io,
Eric,Austin,eaustin3t@seattletimes.com,Minusinsk,01/06/1980,7-(750)159-0196,oracle.com,
Brenda,Carpenter,bcarpenter3u@bigcartel.com,Ialibu,31/12/1986,675-(564)980-1378,etsy.com,
Gary,Cox,gcox3v@indiegogo.com,Kokkinóchoma,02/11/1988,30-(287)565-1647,senate.gov,
Laura,Banks,lbanks3w@tmall.com,Agios Dimitrios,25/01/1982,30-(390)669-5356,rambler.ru,
Aaron,Larson,alarson3x@nyu.edu,Kuching,21/01/1983,60-(781)468-4795,parallels.com,
Tina,Harper,tharper3y@ucoz.ru,Bayside,01/11/1984,353-(292)751-8450,wired.com,
Richard,Medina,rmedina3z@creativecommons.org,Mach,23/02/1985,92-(414)177-0600,hatena.ne.jp,
Ryan,Gray,rgray40@gov.uk,Pasirsongket Dua,18/03/1982,62-(115)461-5553,tiny.cc,
Beverly,Morris,bmorris41@ucla.edu,Olupona,07/02/1985,234-(437)280-1964,behance.net,
Willie,Vasquez,wvasquez42@blogspot.com,Zásmuky,13/01/1984,420-(480)791-4701,goo.gl,
Laura,Boyd,lboyd43@squarespace.com,Alès,20/01/1982,33-(809)117-3650,springer.com,
Rebecca,Morales,rmorales44@ow.ly,Ganjun,26/10/1988,86-(421)157-1987,w3.org,
Lori,Gonzales,lgonzales45@sogou.com,Teno,04/09/1986,56-(884)875-2701,squidoo.com,
Amanda,King,aking46@studiopress.com,Launceston,30/09/1986,61-(768)103-7956,e-recht24.de,
Emily,Hunt,ehunt47@jigsy.com,Tarnogskiy Gorodok,27/08/1984,7-(658)410-1216,phoca.cz,
Harry,Lopez,hlopez48@mozilla.org,Chagang,02/04/1985,86-(226)209-2561,about.com,
Martin,Harris,mharris49@nps.gov,Frakulla e Madhe,13/12/1985,355-(845)468-4389,ihg.com,
Sharon,Rice,srice4a@sbwire.com,Kupino,24/09/1980,7-(369)622-2872,wix.com,
Anthony,Cook,acook4b@cnbc.com,Voznesen’ye,21/11/1982,7-(277)446-3416,nymag.com,
Kathy,Lewis,klewis4c@sitemeter.com,Mulandoro,19/10/1983,62-(589)451-4001,unicef.org,
Julie,Gilbert,jgilbert4d@e-recht24.de,Rat Burana,21/03/1981,66-(210)639-3573,phpbb.com,
Jonathan,Carr,jcarr4e@usatoday.com,Tobilolong,24/04/1981,62-(133)534-8659,amazon.co.jp,
Sean,Austin,saustin4f@zdnet.com,Nyzhni Sirohozy,04/05/1988,380-(497)362-1159,posterous.com,
Christina,Welch,cwelch4g@bloomberg.com,Guji,14/03/1987,86-(125)916-3240,smh.com.au,
Alan,Gray,agray4h@delicious.com,Battaramulla South,30/03/1990,94-(968)404-9160,salon.com,
Cynthia,Brown,cbrown4i@mail.ru,Ad Dimnah,17/11/1980,967-(444)162-1469,hubpages.com,
Lori,Wagner,lwagner4j@elegantthemes.com,Bloemhof,27/08/1987,27-(122)940-4784,amazon.de,
Jonathan,Wood,jwood4k@aboutads.info,Áyios Yeóryios,21/07/1987,30-(883)268-3713,purevolume.com,
Daniel,Carpenter,dcarpenter4l@wikipedia.org,Anār,22/11/1980,98-(599)683-0435,wufoo.com,
Keith,Barnes,kbarnes4m@hp.com,Shuqiao,27/05/1981,86-(256)763-6994,squidoo.com,
Evelyn,Anderson,eanderson4n@bbc.co.uk,Skórzec,24/09/1983,48-(137)485-8207,github.io,
Alice,Alexander,aalexander4o@is.gd,Xindong,03/07/1984,86-(649)812-1409,dmoz.org,
Joseph,Burns,jburns4p@amazon.co.jp,La Oroya,16/09/1980,51-(766)417-9911,rambler.ru,
Sandra,Gibson,sgibson4q@cnn.com,Tiaong,12/12/1984,63-(230)854-3031,constantcontact.com,
Lisa,Weaver,lweaver4r@fotki.com,Ia Kha,06/04/1981,84-(289)352-9248,nifty.com,
Joe,Graham,jgraham4s@ocn.ne.jp,Nagiba,10/04/1990,63-(325)594-3305,freewebs.com,
Ann,Payne,apayne4t@wordpress.com,Al ‘Azīzīyah,10/09/1980,218-(975)113-9645,buzzfeed.com,
Michelle,Howard,mhoward4u@nps.gov,Villefranche-sur-Saône,17/11/1982,33-(218)158-2303,amazon.co.uk,
Theresa,Harvey,tharvey4v@sohu.com,Xiakou,29/11/1981,86-(741)992-7484,feedburner.com,
Willie,Stevens,wstevens4w@surveymonkey.com,Pont-Audemer,13/02/1989,33-(273)849-0065,clickbank.net,
Jane,Mcdonald,jmcdonald4x@studiopress.com,Quirinópolis,09/11/1982,55-(405)387-9454,cbslocal.com,
Larry,Cruz,lcruz4y@tamu.edu,L'viv,07/10/1987,380-(698)480-5074,arizona.edu,
Alice,Cruz,acruz4z@slideshare.net,Makumbako,27/02/1983,255-(413)459-8441,altervista.org,
Jeremy,Lawson,jlawson50@wiley.com,Khorramābād,26/06/1985,98-(777)780-6727,scientificamerican.com,
Jacqueline,Fox,jfox51@twitter.com,Marseille,05/01/1988,33-(578)974-3007,mac.com,
Louise,Simmons,lsimmons52@dailymotion.com,Marisgama,23/01/1988,62-(626)797-5761,smh.com.au,
Diane,Larson,dlarson53@etsy.com,Alpedrinha,12/04/1990,351-(109)329-8178,usnews.com,
Carl,Green,cgreen54@ebay.com,Dulolong,16/10/1981,62-(746)736-4344,about.me,
Robin,Simpson,rsimpson55@smh.com.au,Smederevo,15/08/1986,381-(766)819-7344,tinypic.com,
Gerald,Parker,gparker56@ibm.com,Ngrejo,22/11/1985,62-(285)678-7047,ocn.ne.jp,
Kevin,Fox,kfox57@goodreads.com,Poste du Lac,10/05/1980,84-(291)961-3081,angelfire.com,
Diana,Hanson,dhanson58@marriott.com,Kostomuksha,14/11/1982,7-(613)297-8250,stanford.edu,
Jack,Mills,jmills59@businessweek.com,Kamenka,04/03/1984,7-(437)488-0085,sohu.com,
Martha,Johnson,mjohnson5a@latimes.com,Brooklyn,16/04/1988,1-(917)470-5880,mtv.com,
Sean,Garcia,sgarcia5b@harvard.edu,Yungay,28/01/1985,51-(364)497-9281,twitter.com,
Marilyn,Ramos,mramos5c@mail.ru,São Gonçalo do Amarante,03/01/1990,55-(425)538-1123,irs.gov,
Ashley,Harrison,aharrison5d@ucsd.edu,Aramecina,02/01/1987,504-(898)484-2338,bing.com,
Sharon,Ford,sford5e@facebook.com,Tunja,09/04/1984,57-(806)368-2880,rambler.ru,
David,Richardson,drichardson5f@admin.ch,Lishan,24/04/1988,86-(199)848-8760,weebly.com,
Diane,Carr,dcarr5g@google.de,Tiexi,20/02/1985,86-(219)670-6196,tuttocitta.it,
Ann,Bradley,abradley5h@sfgate.com,Vienna,18/09/1984,1-(571)489-6836,prlog.org,
Larry,Jackson,ljackson5i@moonfruit.com,Aegela,05/09/1981,62-(768)426-7068,technorati.com,
Alan,Rose,arose5j@4shared.com,Tīkāpur,26/06/1987,977-(719)141-0179,time.com,
Craig,Hawkins,chawkins5k@wikia.com,Além Paraíba,13/04/1989,55-(611)835-9060,dropbox.com,
Kimberly,Franklin,kfranklin5l@mashable.com,Dārān,13/06/1982,98-(842)542-3243,dion.ne.jp,
Marie,Pierce,mpierce5m@furl.net,Fussa,20/10/1987,81-(297)392-1650,columbia.edu,
Philip,Gomez,pgomez5n@unicef.org,Santa Venera,19/08/1982,356-(730)942-0701,mapy.cz,
Wayne,King,wking5o@foxnews.com,Chuqui Chuqui,08/02/1990,591-(409)965-2856,flavors.me,
Timothy,Gonzales,tgonzales5p@histats.com,Kinloch,19/04/1986,44-(509)828-9657,google.ca,
Ashley,Jones,ajones5q@lulu.com,Kauswagan,13/04/1989,63-(167)590-3924,whitehouse.gov,
Sandra,Gonzalez,sgonzalez5r@nsw.gov.au,Tokombere,13/11/1981,234-(593)196-8004,reverbnation.com,
Jesse,Gibson,jgibson5s@tuttocitta.it,Kubanskiy,30/05/1985,7-(653)807-2818,soundcloud.com,
Willie,Reyes,wreyes5t@hc360.com,Haghartsin,02/11/1986,374-(565)443-9406,washington.edu,
Aaron,Hart,ahart5u@storify.com,Kosakowo,19/10/1981,48-(885)878-2822,printfriendly.com,
Deborah,Jackson,djackson5v@ihg.com,Candelaria,27/03/1981,57-(208)126-6341,jugem.jp,
Jacqueline,Meyer,jmeyer5w@ask.com,Komletinci,28/04/1985,385-(236)212-9685,mapquest.com,
Ashley,Patterson,apatterson5x@reddit.com,Rivne,20/09/1980,380-(422)685-5696,amazonaws.com,
Alan,Ray,aray5y@foxnews.com,Mayorga,06/03/1987,63-(321)657-6013,blogtalkradio.com,
Stephanie,Phillips,sphillips5z@last.fm,Murmino,13/03/1984,7-(541)254-4305,jugem.jp,
Joe,Dunn,jdunn60@digg.com,Piracuruca,11/05/1989,55-(849)148-8469,ucoz.ru,
Jesse,Larson,jlarson61@bluehost.com,Zwolle,12/08/1980,31-(851)310-5507,sfgate.com,
Adam,Flores,aflores62@unesco.org,Itaparica,09/07/1981,55-(873)814-7688,360.cn,
Jason,Lawson,jlawson63@about.com,Pinhão,29/09/1989,55-(421)449-8336,cocolog-nifty.com,
Joshua,Martin,jmartin64@barnesandnoble.com,Varberg,30/06/1985,46-(308)981-4228,samsung.com,
Jonathan,Wallace,jwallace65@virginia.edu,Panawuan,19/11/1982,62-(181)118-1350,imdb.com,
Albert,Hunter,ahunter66@comcast.net,Valenciennes,02/06/1986,33-(937)556-8797,joomla.org,
Norma,Wood,nwood67@nyu.edu,Juai,29/05/1982,62-(701)787-7708,soundcloud.com,
Gerald,Hanson,ghanson68@exblog.jp,Kostryzhivka,03/10/1981,380-(119)467-9300,4shared.com,
Diana,Bowman,dbowman69@dion.ne.jp,Jiaocheng,03/05/1981,86-(878)951-9099,dedecms.com,
Timothy,Brooks,tbrooks6a@seesaa.net,Komyshnya,01/06/1989,380-(331)838-6276,blogs.com,
Phyllis,Brown,pbrown6b@mit.edu,Cibeureum,21/07/1988,62-(487)199-4354,statcounter.com,
Donald,Franklin,dfranklin6c@networksolutions.com,Kiruna,13/05/1989,46-(923)636-1073,state.tx.us,
Frank,Hayes,fhayes6d@simplemachines.org,Shchūchīnsk,12/02/1987,7-(711)878-0668,tuttocitta.it,
Carlos,Robinson,crobinson6e@senate.gov,Cangyou,27/10/1984,86-(952)913-6180,sbwire.com,
Evelyn,Johnston,ejohnston6f@usda.gov,Pancalan,16/06/1985,62-(402)243-6767,kickstarter.com,
Tammy,Myers,tmyers6g@vistaprint.com,Kučevo,06/07/1981,381-(297)152-5899,msn.com,
Theresa,Ryan,tryan6h@w3.org,Xufu,04/05/1982,86-(809)798-4320,mail.ru,
Russell,Riley,rriley6i@geocities.jp,Bojongloa,13/01/1988,62-(263)643-9265,prweb.com,
Justin,Patterson,jpatterson6j@abc.net.au,Alkmaar,27/07/1987,31-(213)945-0522,live.com,
Johnny,Wallace,jwallace6k@aboutads.info,Guariba,11/12/1982,55-(485)707-6878,delicious.com,
Tina,Williamson,twilliamson6l@pcworld.com,Guradog,14/08/1984,62-(822)942-7666,liveinternet.ru,
Harry,Martin,hmartin6m@statcounter.com,Badean,02/04/1987,62-(837)902-0030,purevolume.com,
Jose,Howard,jhoward6n@yellowpages.com,Jieznas,14/06/1989,370-(210)343-7540,oracle.com,
Doris,Black,dblack6o@paypal.com,Ciherang,10/02/1987,62-(317)489-4191,infoseek.co.jp,
Lois,Mendoza,lmendoza6p@mozilla.org,Torrão,30/07/1986,351-(926)838-1481,sourceforge.net,
Gloria,Gonzalez,ggonzalez6q@chron.com,Město Albrechtice,01/06/1982,420-(658)644-0548,dot.gov,
Justin,Watkins,jwatkins6r@blogtalkradio.com,Hongwansi,02/09/1985,86-(702)548-1668,nsw.gov.au,
Linda,Dean,ldean6s@sina.com.cn,Ithari,04/03/1981,977-(310)388-2508,goo.ne.jp,
Karen,Bishop,kbishop6t@reuters.com,Minamata,21/12/1980,81-(266)171-1647,example.com,
Eugene,Turner,eturner6u@blogspot.com,Arras,27/03/1982,33-(737)494-4916,tumblr.com,
Timothy,Banks,tbanks6v@usda.gov,Mikhnëvo,31/12/1988,7-(731)459-4665,sciencedirect.com,
Nicholas,Martinez,nmartinez6w@issuu.com,Uinskoye,02/04/1985,7-(726)434-2852,i2i.jp,
John,Gilbert,jgilbert6x@cpanel.net,Uenohara,06/03/1990,81-(787)649-4618,booking.com,
Donna,Green,dgreen6y@deliciousdays.com,Lovisa,20/11/1989,358-(173)932-9287,purevolume.com,
Eric,Cooper,ecooper6z@prnewswire.com,Huangcun,02/11/1981,86-(145)892-4854,cocolog-nifty.com,
Jessica,Hayes,jhayes70@whitehouse.gov,Mayo Belwa,22/12/1983,234-(665)502-6109,youtu.be,
Charles,Lynch,clynch71@sun.com,Lesnikovo,04/04/1981,7-(437)605-0783,dailymail.co.uk,
Paul,Sanders,psanders72@taobao.com,El Arenal,17/12/1981,52-(166)725-1927,discovery.com,
Elizabeth,Vasquez,evasquez73@nhs.uk,Rathangan,05/04/1990,353-(160)580-9029,chron.com,
Robert,Davis,rdavis74@123-reg.co.uk,Daphu,19/09/1988,975-(704)352-8648,state.gov,
Todd,Adams,tadams75@symantec.com,Kozakai-chō,04/07/1980,81-(671)277-8947,hexun.com,
Wanda,Campbell,wcampbell76@slashdot.org,Madoi,11/01/1987,86-(667)462-0682,simplemachines.org,
Wayne,Pierce,wpierce77@epa.gov,Loakulu,11/04/1990,62-(141)503-8722,census.gov,
Gary,Ross,gross78@tripod.com,Śliwice,24/06/1982,48-(966)415-1166,pagesperso-orange.fr,
Todd,Williams,twilliams79@craigslist.org,Pont Cassé,09/02/1987,1-(608)470-2987,google.com.br,
Walter,West,wwest7a@marriott.com,Sahline,14/11/1987,216-(744)627-9024,mac.com,
Joan,Wilson,jwilson7b@alexa.com,Alqueidão,23/03/1982,351-(730)994-1842,howstuffworks.com,
Joyce,Snyder,jsnyder7c@flavors.me,Jian’ou,28/02/1985,86-(551)644-4653,icq.com,
Louise,Porter,lporter7d@techcrunch.com,Hà Đông,15/07/1986,84-(774)836-6990,amazon.co.uk,
Shirley,Hart,shart7e@ibm.com,Guazapa,29/08/1988,503-(638)788-4299,wikia.com,
Randy,Medina,rmedina7f@google.it,Purwa,15/04/1982,62-(211)911-8094,com.com,
Justin,Watkins,jwatkins7g@nytimes.com,Kakuda,21/03/1986,81-(818)373-1682,angelfire.com,
Ronald,Stephens,rstephens7h@fotki.com,Funan Chengguanzhen,11/06/1988,86-(990)752-2853,wordpress.com,
Angela,Burns,aburns7i@imdb.com,Bacun,14/06/1980,86-(821)345-5806,dell.com,
Albert,Washington,awashington7j@ebay.co.uk,K’anak’erravan,17/12/1989,374-(256)149-5817,princeton.edu,
Laura,Boyd,lboyd7k@psu.edu,Temeke,05/10/1989,86-(794)218-6705,privacy.gov.au,
Rebecca,Wheeler,rwheeler7l@tmall.com,Araçoiaba da Serra,20/03/1981,55-(239)921-9819,apache.org,
Julie,Arnold,jarnold7m@ameblo.jp,Jiading,06/02/1986,86-(735)652-6231,usnews.com,
Linda,Perkins,lperkins7n@deviantart.com,Zaporizhzhya,01/01/1984,380-(846)968-8101,diigo.com,
Raymond,Reid,rreid7o@cornell.edu,Ambulong,17/10/1986,63-(524)433-6654,japanpost.jp,
Eugene,Ross,eross7p@wordpress.com,Pasirpanjang,17/04/1985,62-(482)178-8559,wsj.com,
Fred,Hunter,fhunter7q@springer.com,Yanghuxiang,08/04/1981,86-(233)390-9096,usda.gov,
Anna,Sanders,asanders7r@amazonaws.com,Pocito,28/01/1988,54-(547)621-5693,devhub.com,
Christopher,Wilson,cwilson7s@is.gd,Marechal Deodoro,05/10/1989,55-(361)908-6839,phpbb.com,
Evelyn,Alexander,ealexander7t@paypal.com,Angoulême,13/06/1980,33-(347)964-5628,technorati.com,
Brian,George,bgeorge7u@howstuffworks.com,Podporozh’ye,04/09/1986,7-(169)912-1449,loc.gov,
Rose,Flores,rflores7v@google.de,Andongsari,19/02/1985,62-(764)344-9741,ebay.com,
Jonathan,Lewis,jlewis7w@baidu.com,Creil,23/01/1984,33-(396)631-4368,stanford.edu,
Maria,Warren,mwarren7x@delicious.com,Stepanovićevo,18/10/1980,381-(271)159-9560,spiegel.de,
Jeffrey,Romero,jromero7y@blogspot.com,Dolany,09/12/1983,420-(682)180-8580,china.com.cn,
Eric,Barnes,ebarnes7z@1und1.de,Coalaque,03/04/1988,51-(131)434-7111,drupal.org,
Patrick,Andrews,pandrews80@merriam-webster.com,Balykchy,09/08/1986,996-(331)204-8318,springer.com,
Walter,Schmidt,wschmidt81@bravesites.com,Pandan,25/03/1984,63-(682)428-6162,salon.com,
Angela,Cole,acole82@yelp.com,Fandriana,07/11/1982,261-(415)288-5426,skyrock.com,
Joyce,Jenkins,jjenkins83@un.org,Hōjō,24/12/1984,81-(467)194-1825,topsy.com,
Sara,Hughes,shughes84@ucoz.ru,Borovichi,20/01/1982,7-(784)756-3672,bigcartel.com,
Amanda,Berry,aberry85@qq.com,Ostrowite,06/01/1987,48-(945)671-4720,vk.com,
Howard,Collins,hcollins86@blinklist.com,Bukbatang,15/02/1989,62-(268)413-4909,storify.com,
Samuel,Mason,smason87@mtv.com,Lüfeng,16/09/1982,86-(352)956-6331,netscape.com,
Barbara,Morrison,bmorrison88@tiny.cc,Baziqiao,09/11/1985,86-(556)209-9901,blogs.com,
Deborah,Shaw,dshaw89@opera.com,Turpay,14/03/1990,51-(600)681-3728,nifty.com,
Elizabeth,Evans,eevans8a@163.com,Tieba,04/10/1983,86-(916)334-8563,odnoklassniki.ru,
Julia,Schmidt,jschmidt8b@google.co.uk,Canguaretama,21/03/1987,55-(329)893-5513,goo.ne.jp,
Sandra,Vasquez,svasquez8c@dmoz.org,Ålesund,16/02/1982,47-(615)701-3469,mozilla.org,
Aaron,Austin,aaustin8d@dyndns.org,Liuliping,03/03/1988,86-(132)579-9986,weather.com,
Emily,Edwards,eedwards8e@eepurl.com,Gnosjö,06/09/1981,46-(763)566-8473,umich.edu,
Howard,Fisher,hfisher8f@netvibes.com,McKinley,25/12/1983,63-(143)631-4903,craigslist.org,
Christina,Wheeler,cwheeler8g@biblegateway.com,Wuyang,26/04/1988,86-(806)603-5783,drupal.org,
Maria,Lewis,mlewis8h@dot.gov,Xuanzhou,18/11/1982,86-(120)146-8087,blogspot.com,
Mark,Gordon,mgordon8i@gov.uk,Masachapa,20/07/1984,505-(167)225-9163,earthlink.net,
Brian,Ferguson,bferguson8j@altervista.org,Aranas Sur,01/05/1986,63-(863)622-7457,zdnet.com,
Rose,Campbell,rcampbell8k@php.net,Sidi Moussa,14/06/1986,212-(473)408-7290,constantcontact.com,
Jeffrey,Medina,jmedina8l@pagesperso-orange.fr,Belén,17/02/1983,598-(119)290-0683,unblog.fr,
Christina,Ray,cray8m@springer.com,Yizhivtsi,22/11/1988,380-(696)619-0301,digg.com,
Joshua,Harvey,jharvey8n@ca.gov,Murmino,01/03/1982,7-(169)577-0529,phoca.cz,
Lois,George,lgeorge8o@telegraph.co.uk,Kokopo,17/01/1983,675-(398)123-5235,deviantart.com,
Ryan,Stone,rstone8p@deviantart.com,Quimbaya,14/07/1981,57-(710)144-3466,godaddy.com,
Alan,Scott,ascott8q@ucla.edu,Al Wuday‘,15/05/1982,967-(195)831-8408,digg.com,
Katherine,Ferguson,kferguson8r@jiathis.com,San Quintin,14/02/1987,63-(508)174-7480,dion.ne.jp,
Jessica,Hayes,jhayes8s@hatena.ne.jp,Suwangi Utara,10/01/1988,62-(983)268-8708,mayoclinic.com,
Philip,Arnold,parnold8t@umn.edu,Bantilan,13/06/1980,62-(399)375-1041,independent.co.uk,
Maria,Simmons,msimmons8u@netscape.com,Pyhäsalmi,05/01/1987,358-(341)452-1598,homestead.com,
Randy,Armstrong,rarmstrong8v@weather.com,Štítina,03/12/1986,420-(605)956-4227,unblog.fr,
Janice,Fisher,jfisher8w@yahoo.co.jp,Pindiga,21/05/1985,234-(686)843-4601,goo.gl,
Tina,Black,tblack8x@t.co,Slovenj Gradec,22/04/1983,386-(150)141-1573,ucoz.ru,
Gerald,Jenkins,gjenkins8y@delicious.com,Shūsh,10/03/1985,98-(779)854-4528,blogspot.com,
Alice,Ward,award8z@wiley.com,Río Guayabal de Yateras,02/07/1985,53-(826)210-7370,printfriendly.com,
Joshua,Freeman,jfreeman90@google.cn,Buenavista,30/12/1988,63-(270)173-4094,theatlantic.com,
Louis,Brooks,lbrooks91@chronoengine.com,Kisanga,11/01/1984,255-(557)913-2648,instagram.com,
Katherine,Larson,klarson92@yolasite.com,Zaranj,19/10/1983,93-(771)876-1053,yellowbook.com,
Ronald,Kim,rkim93@dion.ne.jp,Slovenske Konjice,18/11/1984,386-(718)595-5020,lycos.com,
Brian,Lane,blane94@economist.com,Usogorsk,18/04/1981,7-(683)203-3761,behance.net,
Lois,Lewis,llewis95@drupal.org,Goascorán,14/12/1986,504-(420)842-8770,hugedomains.com,
Thomas,Jenkins,tjenkins96@facebook.com,Kiili,19/12/1986,372-(258)637-0938,joomla.org,
Ashley,Kennedy,akennedy97@geocities.com,Tursunzoda,01/08/1989,992-(555)272-5013,hubpages.com,
Matthew,Davis,mdavis98@un.org,Shijing,22/01/1982,86-(518)658-2085,gnu.org,
Julie,Simpson,jsimpson99@google.fr,Huili,13/12/1984,86-(797)316-7399,wordpress.com,
Justin,Diaz,jdiaz9a@deliciousdays.com,Szczurowa,21/02/1984,48-(365)964-0607,oracle.com,
John,Murray,jmurray9b@comcast.net,Quinta,25/02/1988,351-(228)715-2828,mapy.cz,
Pamela,Brown,pbrown9c@jalbum.net,Bakuriani,01/10/1989,995-(809)615-4745,domainmarket.com,
Andrea,George,ageorge9d@pcworld.com,Intibucá,28/12/1982,504-(905)577-4244,mlb.com,
Angela,Young,ayoung9e@artisteer.com,Kolo,29/04/1987,62-(177)897-8754,dedecms.com,
Jesse,Vasquez,jvasquez9f@cargocollective.com,Bryan,14/09/1985,1-(979)357-9588,loc.gov,
Juan,Weaver,jweaver9g@mozilla.org,Mempawah,03/06/1988,62-(411)999-7798,friendfeed.com,
Ruby,Shaw,rshaw9h@seesaa.net,Pakembangan,08/01/1986,62-(789)392-5935,list-manage.com,
Edward,Moreno,emoreno9i@symantec.com,Lavezares,06/12/1982,63-(717)581-4131,de.vu,
Carlos,Tucker,ctucker9j@yale.edu,La Clotilde,01/03/1988,54-(294)201-4503,mail.ru,
Eric,Sims,esims9k@naver.com,San Carlos,03/04/1987,63-(541)944-7816,myspace.com,
Joseph,Mcdonald,jmcdonald9l@exblog.jp,Balitai,09/05/1987,86-(718)564-2949,slideshare.net,
Mary,Montgomery,mmontgomery9m@wordpress.com,Qinghe,21/09/1984,86-(186)874-0683,dailymotion.com,
Rachel,Hart,rhart9n@google.com.br,Karanglo,12/08/1988,62-(466)527-1701,biglobe.ne.jp,
Brian,Greene,bgreene9o@desdev.cn,Ketanggi,24/07/1985,62-(983)453-0842,chronoengine.com,
Clarence,Stevens,cstevens9p@theglobeandmail.com,Capitán Solari,08/02/1989,54-(222)627-8215,cnet.com,
Jean,White,jwhite9q@hugedomains.com,Hushan,15/11/1988,86-(836)727-5346,forbes.com,
Jean,Cruz,jcruz9r@hao123.com,Hřebeč,23/03/1982,420-(448)208-0026,hatena.ne.jp,
James,Brooks,jbrooks9s@hibu.com,Chambellan,06/05/1980,509-(414)596-9130,nymag.com,
Teresa,Armstrong,tarmstrong9t@toplist.cz,Извор,29/02/1984,389-(205)530-4902,weebly.com,
Stephanie,Cooper,scooper9u@xinhuanet.com,Little Baguio,17/09/1989,63-(394)179-0247,msu.edu,
Bobby,Diaz,bdiaz9v@microsoft.com,Mieścisko,05/12/1988,48-(615)274-2121,issuu.com,
Karen,Bishop,kbishop9w@engadget.com,Kashiwazaki,30/04/1986,81-(257)602-7035,mashable.com,
Diana,Berry,dberry9x@forbes.com,Hongqi Yingzi,12/12/1986,86-(409)723-6918,rediff.com,
Karen,Cook,kcook9y@sohu.com,Mogi Guaçu,14/05/1989,55-(503)488-3672,sakura.ne.jp,
Samuel,Dunn,sdunn9z@earthlink.net,Velika,07/08/1989,385-(828)489-6668,addtoany.com,
Albert,Moore,amoorea0@bloglovin.com,Saint-Grégoire,17/07/1988,33-(132)226-0557,usatoday.com,
Joe,Bailey,jbaileya1@huffingtonpost.com,Färjestaden,23/09/1985,46-(541)944-7596,freewebs.com,
Susan,Howell,showella2@infoseek.co.jp,Lillehammer,13/07/1983,47-(392)307-2071,amazon.com,
Roger,Hart,rharta3@irs.gov,Sumbergayam,09/05/1987,62-(296)594-9304,usatoday.com,
Howard,Bennett,hbennetta4@hostgator.com,Kristianstad,12/12/1983,46-(360)167-8509,wix.com,
Carol,Gutierrez,cgutierreza5@ocn.ne.jp,Socota,01/03/1988,51-(540)994-4597,mtv.com,
Teresa,Porter,tportera6@gravatar.com,Jiayuguan,20/07/1983,86-(729)737-0260,oracle.com,
David,Lawrence,dlawrencea7@amazon.de,Uurainen,28/03/1985,358-(282)810-2855,moonfruit.com,
Anthony,Perkins,aperkinsa8@redcross.org,Māsāl,10/04/1989,98-(165)227-8439,pen.io,
Alan,Hunt,ahunta9@hc360.com,Almolonga,18/01/1987,502-(462)497-2461,yolasite.com,
Rose,Peters,rpetersaa@themeforest.net,Siemkowice,30/12/1980,48-(693)677-3121,opera.com,
Cynthia,Arnold,carnoldab@angelfire.com,Waso,29/07/1989,62-(649)377-1838,msn.com,
Andrew,Morales,amoralesac@yahoo.com,Cañasgordas,28/04/1980,57-(649)249-1359,xing.com,
Ryan,Hunt,rhuntad@japanpost.jp,Siasi,24/05/1982,63-(672)400-8494,google.es,
Theresa,Parker,tparkerae@go.com,Adh Dhayd,17/07/1987,971-(756)810-0628,simplemachines.org,
Ryan,Garrett,rgarrettaf@psu.edu,Koreiz,18/05/1983,380-(471)645-3999,qq.com,
Carl,Phillips,cphillipsag@linkedin.com,Zaandam,24/03/1984,31-(954)657-2276,washingtonpost.com,
Richard,Cooper,rcooperah@cbslocal.com,Traiguén,02/04/1986,56-(888)580-1845,buzzfeed.com,
Anthony,Adams,aadamsai@skyrock.com,Namur,30/12/1987,32-(979)858-9860,ezinearticles.com,
Rebecca,Hunter,rhunteraj@usda.gov,Ludvika,22/12/1986,46-(396)372-2154,opensource.org,
Billy,Dean,bdeanak@smugmug.com,Fīrūzābād,15/06/1984,98-(361)574-5616,miitbeian.gov.cn,
Tammy,Phillips,tphillipsal@cocolog-nifty.com,Wang Yang,04/07/1985,66-(210)810-6101,i2i.jp,
Earl,Dunn,edunnam@bing.com,Hultsfred,02/12/1983,46-(877)726-3056,icio.us,
Alan,Perkins,aperkinsan@bbb.org,Castle Bruce,21/11/1987,1-(135)240-9754,stanford.edu,
Craig,Burns,cburnsao@nyu.edu,Malino,11/12/1989,63-(101)950-3204,i2i.jp,
Frank,Kennedy,fkennedyap@comcast.net,Imus,24/05/1989,63-(437)449-4193,clickbank.net,
Brandon,Carter,bcarteraq@amazonaws.com,Parintins,19/01/1983,55-(148)514-2584,utexas.edu,
Sean,Gonzales,sgonzalesar@yahoo.co.jp,Al Matlīn,20/07/1988,216-(723)919-4700,imdb.com,
Christopher,Fowler,cfowleras@usgs.gov,Manhiça,07/02/1984,258-(127)185-8822,liveinternet.ru,
Richard,Crawford,rcrawfordat@ebay.co.uk,Nanxindian,18/05/1983,86-(386)835-7078,dyndns.org,
Kelly,Brown,kbrownau@redcross.org,Rego,29/09/1988,351-(484)550-2769,blogspot.com,
Walter,Gordon,wgordonav@symantec.com,Xintai,29/11/1987,86-(172)229-0184,china.com.cn,
Steven,Turner,sturneraw@rambler.ru,Daru,28/11/1989,232-(960)216-2236,accuweather.com,
Jose,Mccoy,jmccoyax@ihg.com,Nuquí,03/08/1981,57-(492)903-9741,omniture.com,
Jane,Griffin,jgriffinay@biblegateway.com,Nuga,31/07/1982,976-(193)135-1980,blogger.com,
Tammy,Ross,trossaz@vistaprint.com,Cikalong,18/11/1987,62-(425)902-0641,rambler.ru,
Johnny,Davis,jdavisb0@discovery.com,Carvalhal,20/04/1981,351-(531)338-8925,dropbox.com,
Sharon,Campbell,scampbellb1@constantcontact.com,Santa Rita do Passa Quatro,26/06/1986,55-(764)371-5472,guardian.co.uk,
Ryan,Gomez,rgomezb2@mediafire.com,Al Qadarif,30/10/1987,249-(974)920-3031,cafepress.com,
Carolyn,Carr,ccarrb3@topsy.com,Esmeraldas,29/01/1988,55-(269)163-6216,oaic.gov.au,
Diane,Castillo,dcastillob4@baidu.com,Gunung Sugih,18/04/1990,62-(196)379-1484,dell.com,
Cheryl,Armstrong,carmstrongb5@liveinternet.ru,Judaydah,17/12/1986,967-(917)420-2543,irs.gov,
Ernest,Oliver,eoliverb6@pinterest.com,Yushan,28/08/1987,86-(735)199-7366,google.co.uk,
Ruth,Gonzales,rgonzalesb7@examiner.com,Kallar Kahār,05/09/1989,92-(554)221-5448,comcast.net,
Brandon,Lane,blaneb8@google.ru,Santisimo Rosario,21/07/1984,63-(379)659-6476,exblog.jp,
Jose,Brown,jbrownb9@loc.gov,Gorzyce,09/07/1980,48-(333)125-7307,gravatar.com,
Kenneth,Lynch,klynchba@histats.com,Gornja Koprivna,13/02/1983,387-(518)586-6383,blog.com,
Donald,Meyer,dmeyerbb@biglobe.ne.jp,Chenyang,04/09/1984,86-(488)676-7259,alibaba.com,
Douglas,Castillo,dcastillobc@aboutads.info,Petit Valley,11/09/1983,1-(847)231-0148,accuweather.com,
William,Clark,wclarkbd@skype.com,Chishmy,04/07/1983,7-(692)822-1036,w3.org,
Clarence,Hill,chillbe@51.la,Pogorzyce,08/10/1986,48-(478)825-9986,wordpress.com,
Wayne,Lawson,wlawsonbf@skyrock.com,Newark,03/03/1981,1-(201)662-7786,mac.com,
Frank,Harvey,fharveybg@mozilla.com,Buguruslan,22/08/1987,7-(340)903-1030,netvibes.com,
Jason,Reyes,jreyesbh@va.gov,Stettler,27/02/1981,1-(646)189-3515,example.com,
Joan,Rodriguez,jrodriguezbi@vinaora.com,San Eduardo,30/10/1984,63-(279)795-6202,so-net.ne.jp,
Ashley,Phillips,aphillipsbj@networksolutions.com,Mikumi,03/01/1984,255-(537)963-0010,g.co,
Jack,Patterson,jpattersonbk@dion.ne.jp,Springfield,23/06/1981,1-(417)465-3471,ftc.gov,
Roger,Grant,rgrantbl@angelfire.com,Néa Éfesos,11/12/1984,30-(525)501-1403,bbb.org,
Kelly,Oliver,koliverbm@abc.net.au,Baculin,09/09/1983,63-(267)103-7941,ezinearticles.com,
Melissa,Snyder,msnyderbn@networksolutions.com,Nyahururu,19/09/1989,254-(516)423-5847,exblog.jp,
Nicole,Bowman,nbowmanbo@washingtonpost.com,Kusak,12/12/1987,7-(513)992-9339,blinklist.com,
Debra,Berry,dberrybp@sogou.com,Viljakkala,09/07/1980,358-(790)961-8063,si.edu,
Jesse,Boyd,jboydbq@woothemes.com,Chengnan,12/04/1987,86-(677)432-0616,uiuc.edu,
Raymond,Martin,rmartinbr@techcrunch.com,Merida,06/02/1981,63-(458)394-1332,ed.gov,
Bobby,Allen,ballenbs@cbslocal.com,Jesús María,23/10/1983,54-(872)942-4999,shutterfly.com,
Bonnie,Perez,bperezbt@ox.ac.uk,Hualongyan,17/12/1986,86-(125)519-6413,trellian.com,
Ralph,Tucker,rtuckerbu@domainmarket.com,Shirone,27/10/1989,81-(227)109-9935,webeden.co.uk,
Kathryn,Kelly,kkellybv@naver.com,Lázně Kynžvart,18/07/1986,420-(369)304-5423,purevolume.com,
Kimberly,Stanley,kstanleybw@guardian.co.uk,Jomsom,09/02/1987,977-(427)647-1749,gravatar.com,
Raymond,Fox,rfoxbx@mapquest.com,Atbasar,14/04/1987,7-(524)469-2155,admin.ch,
Joe,Gutierrez,jgutierrezby@aboutads.info,Luoqiao,09/10/1981,86-(641)198-3378,toplist.cz,
George,Watson,gwatsonbz@opera.com,Boujniba,05/03/1986,212-(130)409-4561,slashdot.org,
Jessica,Cunningham,jcunninghamc0@creativecommons.org,Krajan Curahcotok,01/07/1985,62-(353)891-7506,ed.gov,
James,Mason,jmasonc1@cafepress.com,Boden,08/05/1984,46-(194)778-7878,army.mil,
Deborah,Vasquez,dvasquezc2@dot.gov,Fare,22/04/1985,689-(651)897-4612,boston.com,
Rose,Sims,rsimsc3@pagesperso-orange.fr,Petropavlovsk,17/05/1986,7-(565)364-4533,who.int,
Julia,Grant,jgrantc4@arstechnica.com,Marigot,26/06/1981,590-(570)269-1407,mozilla.com,
Joe,Lawrence,jlawrencec5@163.com,Jindayris,18/08/1983,963-(405)299-8145,senate.gov,
Bonnie,Lewis,blewisc6@blogs.com,Verdun,01/04/1982,33-(570)903-9132,eventbrite.com,
Ronald,Young,ryoungc7@yahoo.com,Hasuda,13/03/1988,81-(915)847-2445,prlog.org,
Patricia,Clark,pclarkc8@wordpress.com,Shuijiang,06/04/1989,86-(355)664-0689,odnoklassniki.ru,
Keith,Chavez,kchavezc9@amazon.co.uk,Hadžići,19/08/1984,387-(961)117-8817,google.com.au,
Kathryn,Parker,kparkerca@twitter.com,Tasovčići,04/08/1985,387-(391)959-9113,nih.gov,
Sara,Johnson,sjohnsoncb@fotki.com,General Luna,05/02/1983,63-(123)245-0563,weather.com,
Jonathan,Green,jgreencc@redcross.org,Xingyi,24/06/1981,86-(510)313-8526,youtu.be,
Wayne,Reid,wreidcd@amazonaws.com,Grand Sable,23/11/1980,230-(631)446-7994,state.gov,
Edward,Owens,eowensce@vimeo.com,Pushkino,23/03/1985,7-(481)837-5505,abc.net.au,
Victor,Austin,vaustincf@mac.com,Phanat Nikhom,10/06/1983,66-(597)256-5053,webs.com,
Matthew,Welch,mwelchcg@themeforest.net,Balindong,06/01/1985,63-(557)174-1002,biglobe.ne.jp,
Louis,Shaw,lshawch@independent.co.uk,Adolfo Lopez Mateos,07/01/1983,52-(217)158-7184,dailymotion.com,
Debra,Cooper,dcooperci@seattletimes.com,Xihongmen,07/06/1983,86-(991)534-3036,statcounter.com,
Sarah,Ross,srosscj@tamu.edu,Maliang,31/12/1985,62-(378)269-8577,hud.gov,
Annie,Rice,ariceck@comcast.net,Khulm,16/10/1983,93-(971)728-6255,deliciousdays.com,
Marie,Anderson,mandersoncl@ameblo.jp,Khlong Toei,27/01/1986,66-(823)832-9329,noaa.gov,
Harold,Flores,hflorescm@biglobe.ne.jp,Stockholm,15/02/1986,46-(155)953-6414,drupal.org,
George,Schmidt,gschmidtcn@studiopress.com,Palue,25/11/1981,62-(660)825-4769,biblegateway.com,
Samuel,Hill,shillco@mlb.com,Ekerö,18/02/1988,46-(670)284-1326,dailymotion.com,
Jean,Hayes,jhayescp@msn.com,Omoa,07/06/1986,504-(111)296-3352,discuz.net,
Harold,Armstrong,harmstrongcq@canalblog.com,Zhaocun,08/11/1984,86-(565)862-1234,51.la,
Tammy,Collins,tcollinscr@ask.com,Batujaran,16/08/1984,62-(278)311-2609,netlog.com,
Aaron,Burns,aburnscs@icio.us,Kitakata,22/10/1987,81-(220)470-7803,free.fr,
Gregory,Nguyen,gnguyenct@example.com,Diaofeng,05/10/1980,86-(989)540-1607,hubpages.com,
Louise,Shaw,lshawcu@google.es,Imtarfa,25/01/1982,356-(777)258-6027,prlog.org,
Martha,Watson,mwatsoncv@google.ca,Gyangkar,16/07/1982,86-(552)394-4287,usgs.gov,
Jennifer,Ferguson,jfergusoncw@time.com,Kanbula,09/08/1986,86-(788)806-4518,slashdot.org,
Kenneth,Powell,kpowellcx@github.com,Neryungri,23/05/1988,7-(274)587-6453,howstuffworks.com,
Diane,Freeman,dfreemancy@ifeng.com,Ipoh,15/05/1986,60-(331)830-3173,quantcast.com,
Robert,Morris,rmorriscz@surveymonkey.com,Fafe,13/03/1990,351-(592)833-2185,baidu.com,
Peter,Carpenter,pcarpenterd0@edublogs.org,Blahodatne,28/11/1983,380-(840)918-3167,elpais.com,
Marie,Stephens,mstephensd1@chicagotribune.com,Śmiłowo,12/09/1987,48-(943)550-9554,fastcompany.com,
Nicole,Pierce,npierced2@goo.gl,Daxing,30/11/1984,86-(287)652-1225,indiatimes.com,
Susan,Coleman,scolemand3@japanpost.jp,Lyubimets,07/05/1980,359-(930)575-5128,bbc.co.uk,
Eugene,Gutierrez,egutierrezd4@washington.edu,Xianyi,28/11/1988,86-(992)632-3701,reuters.com,
Debra,Howard,dhowardd5@mysql.com,Huimin,28/11/1989,86-(595)804-1021,alexa.com,
Anne,Mendoza,amendozad6@wiley.com,Dan Makham Tia,29/12/1982,66-(401)590-8303,google.de,
Jason,Dean,jdeand7@java.com,Liufang,31/03/1985,86-(178)555-3081,noaa.gov,
Frances,Mendoza,fmendozad8@businessinsider.com,Jiantianjie,04/12/1985,86-(887)446-2102,chronoengine.com,
Nicholas,Wilson,nwilsond9@wordpress.org,Villa Nueva,18/06/1980,502-(907)792-8253,mlb.com,
Jesse,Hudson,jhudsonda@reuters.com,Ostrowsko,02/11/1987,48-(750)655-8627,freewebs.com,
Juan,Pierce,jpiercedb@pinterest.com,Alfta,22/07/1983,46-(749)472-5861,go.com,
Jeffrey,Arnold,jarnolddc@ca.gov,Kolsko,05/01/1988,48-(695)932-7590,usatoday.com,
Anne,Taylor,ataylordd@ed.gov,Miramar,23/05/1987,54-(757)829-6370,webeden.co.uk,
Alan,Powell,apowellde@virginia.edu,Nginokrajan,25/08/1984,62-(800)918-6868,surveymonkey.com,
Anthony,Sanders,asandersdf@feedburner.com,Rungkam,28/05/1986,62-(422)946-2714,jugem.jp,
Jeremy,Butler,jbutlerdg@spiegel.de,Srostki,03/10/1985,7-(223)236-4518,google.fr,
Antonio,Anderson,aandersondh@dmoz.org,Busia,18/07/1985,254-(384)466-7748,woothemes.com,
Ruth,Sullivan,rsullivandi@icio.us,Philadelphia,29/05/1987,1-(215)865-0148,blogspot.com,
Mark,Weaver,mweaverdj@paginegialle.it,Leshan,19/11/1985,86-(733)624-2897,abc.net.au,
Diane,Thompson,dthompsondk@simplemachines.org,Akron,14/06/1989,1-(330)930-8365,ft.com,
Harry,Thompson,hthompsondl@pinterest.com,Miaotang,04/03/1983,86-(319)700-3660,upenn.edu,
Anne,Knight,aknightdm@simplemachines.org,Dougou,16/11/1982,86-(167)411-2787,mozilla.org,
Virginia,Gonzales,vgonzalesdn@reddit.com,Orsk,04/02/1982,7-(186)278-9500,cisco.com,
Kenneth,Jackson,kjacksondo@1und1.de,Ciawitali,10/10/1982,62-(244)147-6989,jalbum.net,
Charles,Burton,cburtondp@timesonline.co.uk,Lampa,04/05/1981,56-(763)965-2972,exblog.jp,
Bruce,Warren,bwarrendq@sogou.com,Mangaldan,28/03/1989,63-(885)964-7692,bing.com,
Anne,Williamson,awilliamsondr@pcworld.com,Panggungsari,27/01/1988,62-(708)606-9677,theguardian.com,
Laura,Welch,lwelchds@walmart.com,Nakajah,15/03/1988,62-(709)780-9498,addthis.com,
Ralph,Lewis,rlewisdt@princeton.edu,Edosaki,24/01/1989,81-(324)101-1553,hc360.com,
Alice,Fernandez,afernandezdu@narod.ru,Tongqian,28/08/1984,86-(420)818-7243,webs.com,
Gregory,Stanley,gstanleydv@flickr.com,Pohbango,17/02/1984,62-(216)215-1206,1und1.de,
Pamela,Knight,pknightdw@slate.com,Carhuamayo,07/06/1985,51-(713)840-4525,g.co,
Theresa,Watson,twatsondx@archive.org,Norak,10/04/1986,992-(381)935-7980,squidoo.com,
Brandon,Smith,bsmithdy@thetimes.co.uk,Kallíthiron,05/10/1982,30-(272)317-2169,utexas.edu,
Nicole,Cunningham,ncunninghamdz@i2i.jp,Izborsk,30/01/1983,7-(210)696-3553,redcross.org,
Harold,Webb,hwebbe0@unesco.org,Pont-Audemer,07/10/1986,33-(424)856-2036,wsj.com,
Anne,Powell,apowelle1@spiegel.de,Piotrków Trybunalski,26/02/1982,48-(102)354-0446,google.com.br,
Lawrence,Bowman,lbowmane2@photobucket.com,Pasaje,24/05/1983,593-(214)325-7684,merriam-webster.com,
Jacqueline,Daniels,jdanielse3@squarespace.com,Jinbo,12/03/1989,86-(753)632-9764,google.com,
Ralph,Moore,rmooree4@livejournal.com,Kalmar,19/03/1986,46-(286)566-1150,nhs.uk,
Louis,Hansen,lhansene5@twitter.com,Viljoenskroon,26/09/1988,27-(185)473-9955,wix.com,
Lois,Henry,lhenrye6@elpais.com,Dagsar,09/06/1984,86-(896)378-5386,ocn.ne.jp,
Rachel,Sanders,rsanderse7@stanford.edu,Antipolo,15/05/1988,63-(471)595-6537,oakley.com,
Joe,Oliver,jolivere8@ameblo.jp,Richard-Toll,30/11/1982,221-(794)523-4514,toplist.cz,
Ruth,Hayes,rhayese9@psu.edu,Santo Domingo,09/09/1983,63-(992)634-7110,phoca.cz,
Marilyn,Rogers,mrogersea@youtu.be,Mendeleyevsk,21/12/1984,7-(395)587-5508,ustream.tv,
Jerry,Murphy,jmurphyeb@rambler.ru,Beidou,21/10/1989,86-(735)600-6322,mayoclinic.com,
Julie,Oliver,joliverec@businessweek.com,Ubatuba,03/03/1987,55-(504)835-7655,usda.gov,
Michael,Burns,mburnsed@drupal.org,Santo Tomas,16/08/1986,63-(950)287-6128,eepurl.com,
Shirley,Fuller,sfulleree@accuweather.com,Gyumri,09/06/1985,374-(620)962-6732,amazon.com,
Virginia,Woods,vwoodsef@about.me,Florencia,23/01/1984,57-(864)686-5542,buzzfeed.com,
Pamela,Patterson,ppattersoneg@discuz.net,Arneiro,28/08/1980,351-(903)439-7018,google.com.au,
Joyce,Perry,jperryeh@example.com,Dalong,21/10/1987,62-(110)337-7016,cbc.ca,
Melissa,Shaw,mshawei@marriott.com,Heret,12/08/1984,62-(370)433-9903,zimbio.com,
Clarence,Carter,ccarterej@tuttocitta.it,Colorado Springs,14/06/1989,1-(719)514-7225,multiply.com,
Chris,Cooper,ccooperek@ifeng.com,Delães,24/12/1984,351-(940)150-7077,dropbox.com,
Robin,Gray,rgrayel@mit.edu,Fastovetskaya,27/09/1982,7-(786)890-4214,shop-pro.jp,
Sandra,Johnston,sjohnstonem@netvibes.com,Tillabéri,08/07/1986,227-(653)341-7604,latimes.com,
Joshua,Lane,jlaneen@list-manage.com,Burgaltay,02/01/1981,976-(450)421-2255,nyu.edu,
Victor,Taylor,vtayloreo@skype.com,Jihuluntu Sumu,07/09/1989,86-(240)881-3458,rambler.ru,
Stephanie,Ramirez,sramirezep@rediff.com,Cilebang Satu,16/03/1981,62-(635)628-0226,addthis.com,
Robert,Hanson,rhansoneq@bluehost.com,Włoszczowa,03/07/1989,48-(799)339-4836,tripadvisor.com,
Jason,Ryan,jryaner@si.edu,Zrenjanin,26/09/1981,381-(141)930-6006,scribd.com,
Keith,Kim,kkimes@arizona.edu,Kagoro,24/07/1987,234-(906)265-5857,latimes.com,
Kathleen,Tucker,ktuckeret@acquirethisname.com,Jadowniki Mokre,21/08/1980,48-(328)826-6657,xinhuanet.com,
Louise,Young,lyoungeu@geocities.jp,Itumbiara,17/02/1989,55-(651)974-3332,e-recht24.de,
Samuel,Fisher,sfisherev@photobucket.com,Anliang,04/09/1982,86-(158)574-7653,globo.com,
Dennis,Hunt,dhuntew@dagondesign.com,Zhouji,24/03/1985,86-(211)953-5802,phpbb.com,
Mary,Little,mlittleex@51.la,Kafr ad Dīk,27/09/1985,970-(217)676-6302,skyrock.com,
Kimberly,Hunt,khuntey@fotki.com,Toledo,26/06/1986,34-(842)381-9758,statcounter.com,
Teresa,Kennedy,tkennedyez@google.nl,Badāmā,28/02/1990,963-(703)781-4248,scientificamerican.com,
Wayne,Porter,wporterf0@pinterest.com,Yangiyŭl,27/08/1988,998-(684)641-1177,sciencedaily.com,
Philip,Hunt,phuntf1@dion.ne.jp,Pajagan,08/04/1984,62-(264)625-7299,shutterfly.com,
Anna,Gordon,agordonf2@hugedomains.com,Železniki,15/09/1983,386-(700)737-1746,loc.gov,
Joe,Castillo,jcastillof3@oaic.gov.au,Moutnice,23/07/1987,420-(409)207-3853,kickstarter.com,
Harold,Baker,hbakerf4@miibeian.gov.cn,Abay,30/01/1983,7-(644)794-3567,ox.ac.uk,
Scott,Ruiz,sruizf5@skype.com,Kaeng Khoi,01/12/1983,66-(367)410-9574,si.edu,
Linda,Richards,lrichardsf6@w3.org,Bila,13/08/1982,387-(177)754-8432,theatlantic.com,
Roy,Bennett,rbennettf7@chron.com,Las Animas,15/09/1988,56-(447)258-9829,flickr.com,
Scott,Moore,smooref8@elegantthemes.com,eSikhawini,22/01/1981,27-(609)450-0145,webs.com,
Howard,Hawkins,hhawkinsf9@usnews.com,Kralupy nad Vltavou,25/12/1981,420-(652)376-7044,dmoz.org,
Gerald,James,gjamesfa@amazonaws.com,Jega,04/09/1986,234-(319)453-4303,usa.gov,
Mark,Reynolds,mreynoldsfb@kickstarter.com,Changfeng,05/05/1983,86-(548)496-5402,tumblr.com,
Nicholas,Harris,nharrisfc@arstechnica.com,Kliwon Cibingbin,08/11/1989,62-(897)705-6945,wp.com,
Phyllis,Gonzales,pgonzalesfd@time.com,Ipoh,06/03/1986,60-(900)601-9845,home.pl,
Larry,Walker,lwalkerfe@wordpress.org,Kálymnos,23/06/1984,30-(781)967-8871,usa.gov,
Jerry,Ward,jwardff@hubpages.com,Patambuco,15/06/1982,51-(585)369-1469,eventbrite.com,
Janet,Williams,jwilliamsfg@github.com,Jinggongqiao,23/08/1982,86-(432)340-2606,infoseek.co.jp,
Louis,Hanson,lhansonfh@freewebs.com,Kawaguchi,09/01/1982,81-(480)938-2815,timesonline.co.uk,
Sharon,Myers,smyersfi@walmart.com,Lianghe,21/02/1990,86-(975)102-7260,constantcontact.com,
Jason,Rodriguez,jrodriguezfj@msn.com,Purorejo,09/09/1988,62-(561)955-5892,i2i.jp,
Todd,Willis,twillisfk@live.com,Yantan,30/11/1985,86-(699)437-6346,oakley.com,
Phyllis,Hicks,phicksfl@latimes.com,Longhua,12/03/1986,86-(934)616-9133,slate.com,
Julia,Morales,jmoralesfm@oracle.com,Kajiki,24/04/1987,81-(939)675-1142,163.com,
Anne,Lawrence,alawrencefn@nih.gov,Fantino,04/08/1985,1-(671)525-1246,simplemachines.org,
Christine,Webb,cwebbfo@census.gov,Birmingham,16/11/1986,1-(205)290-5145,chronoengine.com,
Philip,Henry,phenryfp@irs.gov,Chernivtsi,13/09/1980,380-(632)785-6626,studiopress.com,
Raymond,Dixon,rdixonfq@shop-pro.jp,Karantaba,28/03/1982,220-(305)690-8287,wikipedia.org,
Chris,Green,cgreenfr@washingtonpost.com,Nong Phok,10/11/1988,66-(810)394-9654,clickbank.net,
Billy,Sullivan,bsullivanfs@washington.edu,Yuci,27/06/1980,86-(315)598-6975,jiathis.com,
Michelle,Nelson,mnelsonft@google.ru,Lisków,16/11/1989,48-(425)749-2481,infoseek.co.jp,
Jeffrey,Graham,jgrahamfu@plala.or.jp,Nobres,03/02/1982,55-(411)301-4969,google.ca,
Matthew,Price,mpricefv@nasa.gov,Vardenik,14/12/1986,374-(557)206-5615,addtoany.com,
Julia,Gibson,jgibsonfw@wired.com,Changyi,13/09/1986,86-(915)732-1696,jimdo.com,
Kathleen,Garza,kgarzafx@vimeo.com,Cruzeiro do Sul,25/04/1982,55-(464)321-2443,mit.edu,
Mildred,Marshall,mmarshallfy@bing.com,Xiacang,31/05/1987,86-(180)253-0859,mashable.com,
Diana,Kennedy,dkennedyfz@mtv.com,Impendle,02/01/1990,27-(236)556-7328,tumblr.com,
Keith,Crawford,kcrawfordg0@histats.com,Marston,22/03/1988,44-(539)386-4475,rediff.com,
Cheryl,Howard,chowardg1@elegantthemes.com,Datian,17/06/1982,86-(180)826-3174,vkontakte.ru,
Carlos,Ray,crayg2@thetimes.co.uk,Hobo,03/04/1985,63-(801)897-8699,deliciousdays.com,
Lisa,Gutierrez,lgutierrezg3@ucoz.com,Thaton,07/06/1986,95-(396)558-8784,nba.com,
Louise,Shaw,lshawg4@reuters.com,Sandaoba,13/10/1986,86-(678)721-7970,cpanel.net,
Frances,Torres,ftorresg5@sphinn.com,Biankouma,03/06/1982,225-(336)355-1934,hao123.com,
Barbara,Sims,bsimsg6@e-recht24.de,Dijon,16/08/1989,33-(107)326-1498,ft.com,
Nicholas,Thompson,nthompsong7@umn.edu,Sanom,29/08/1981,66-(961)326-5884,instagram.com,
Alan,Little,alittleg8@qq.com,Xiping,21/06/1980,86-(302)758-4344,elpais.com,
Lawrence,Cox,lcoxg9@t.co,Morawica,08/09/1983,48-(421)936-6973,sohu.com,
Louis,Arnold,larnoldga@symantec.com,Lüfeng,10/11/1985,86-(415)404-2386,webs.com,
Sharon,Stevens,sstevensgb@rambler.ru,Borucin,13/07/1981,48-(621)253-6577,quantcast.com,
Shawn,Gordon,sgordongc@123-reg.co.uk,Moriya,03/08/1987,81-(363)804-3833,smh.com.au,
Joyce,Porter,jportergd@accuweather.com,Kluki,27/03/1990,48-(477)799-9767,newsvine.com,
Albert,Nguyen,anguyenge@foxnews.com,Pilar,16/06/1983,63-(953)915-8579,instagram.com,
Tina,Mills,tmillsgf@msu.edu,Quiaios,26/10/1988,351-(510)376-9932,mediafire.com,
Helen,Graham,hgrahamgg@domainmarket.com,Köln,01/03/1988,49-(683)815-9552,ucsd.edu,
Victor,Crawford,vcrawfordgh@wired.com,Malešići,12/09/1981,387-(911)607-7288,fema.gov,
Tammy,Roberts,trobertsgi@nature.com,Linton,16/01/1990,44-(588)672-5414,latimes.com,
Victor,Cruz,vcruzgj@people.com.cn,N'Djamena,25/02/1984,235-(347)716-2702,craigslist.org,
Stephen,Roberts,srobertsgk@goo.ne.jp,Baoshan,21/04/1987,86-(581)491-9876,msn.com,
Angela,Perkins,aperkinsgl@yale.edu,Dushang,20/06/1985,86-(507)298-0254,t-online.de,
Emily,Hughes,ehughesgm@goo.ne.jp,Selkirk,27/03/1986,1-(424)391-9972,drupal.org,
Gary,Garrett,ggarrettgn@abc.net.au,Estribeiro,24/09/1981,351-(862)195-0684,wp.com,
Eugene,Rogers,erogersgo@hp.com,Pameče,01/08/1987,386-(254)992-0134,gravatar.com,
Diane,Brown,dbrowngp@state.gov,Staroshcherbinovskaya,23/09/1986,7-(712)493-8821,usgs.gov,
Nicholas,Franklin,nfranklingq@vistaprint.com,Barranca,19/06/1982,51-(401)946-3978,bloomberg.com,
Patricia,Johnson,pjohnsongr@hibu.com,Tanjung Raja,26/10/1989,62-(231)899-3982,weather.com,
Christopher,Hunter,chuntergs@naver.com,Sopron,05/09/1980,36-(210)557-0246,nhs.uk,
Judith,Sims,jsimsgt@ask.com,Luso,16/10/1984,351-(538)561-3232,storify.com,
Douglas,Barnes,dbarnesgu@i2i.jp,Shuishaping,15/02/1983,86-(373)621-5184,un.org,
Ryan,Fowler,rfowlergv@w3.org,Caetité,22/05/1980,55-(982)509-1109,macromedia.com,
Justin,Lawson,jlawsongw@tiny.cc,Puerto Bello,19/06/1983,63-(335)939-6089,wikia.com,
Benjamin,Watson,bwatsongx@china.com.cn,La Jicaral,21/09/1988,505-(556)299-8446,fastcompany.com,
Charles,Young,cyounggy@youtu.be,Ivry-sur-Seine,15/06/1988,33-(399)103-6801,icio.us,
Kenneth,Knight,kknightgz@archive.org,Старо Нагоричане,25/02/1986,389-(989)890-9079,nba.com,
Ronald,Marshall,rmarshallh0@bluehost.com,La Palma,08/05/1988,52-(663)887-6929,msu.edu,
Joyce,Hill,jhillh1@vimeo.com,Bragança Paulista,29/10/1981,55-(353)837-8842,shinystat.com,
Donald,Jackson,djacksonh2@jiathis.com,Koška,08/01/1982,385-(916)327-4572,webs.com,
Sarah,Barnes,sbarnesh3@china.com.cn,Dasha,06/02/1985,86-(472)396-7409,purevolume.com,
Richard,Ruiz,rruizh4@columbia.edu,Kilindoni,23/09/1981,255-(915)606-7525,prweb.com,
Margaret,Andrews,mandrewsh5@oakley.com,Krajan Satu,12/05/1983,62-(947)150-9501,sfgate.com,
Steve,Hawkins,shawkinsh6@plala.or.jp,Garbolovo,05/01/1981,7-(777)297-0676,indiatimes.com,
Tammy,Bowman,tbowmanh7@examiner.com,Naha-shi,21/09/1981,81-(329)614-4589,disqus.com,
Marilyn,Fuller,mfullerh8@earthlink.net,Kedawung,19/02/1983,62-(517)860-0164,hc360.com,
Joshua,Lynch,jlynchh9@utexas.edu,Tangjiapo,14/07/1983,86-(800)834-5234,goodreads.com,
Beverly,Hicks,bhicksha@gmpg.org,San Vicente de Bique,18/08/1984,507-(380)560-0347,ebay.com,
Peter,Williamson,pwilliamsonhb@businessweek.com,Muaralabuh,10/07/1982,62-(727)230-7552,purevolume.com,
Betty,Gutierrez,bgutierrezhc@tmall.com,Zibreira,17/04/1986,351-(716)133-2122,google.es,
James,Hanson,jhansonhd@google.it,La Laguna,06/09/1987,52-(950)929-7578,4shared.com,
Jose,Gomez,jgomezhe@ted.com,Libertad,04/11/1987,54-(913)768-3183,yellowbook.com,
Charles,Jackson,cjacksonhf@shareasale.com,Dong’an,18/06/1985,86-(958)789-6096,squarespace.com,
Lillian,Rice,lricehg@nationalgeographic.com,Rustam jo Goth,05/10/1981,92-(263)485-7140,dropbox.com,
Jeffrey,Bailey,jbaileyhh@dmoz.org,Gråbo,22/11/1984,46-(751)855-3556,toplist.cz,
Juan,Price,jpricehi@mlb.com,Horad Krychaw,11/08/1983,375-(354)681-4772,theguardian.com,
Philip,Campbell,pcampbellhj@miibeian.gov.cn,Fontana,25/06/1980,54-(970)724-5308,earthlink.net,
Arthur,Myers,amyershk@xrea.com,Tsiombe,12/12/1981,261-(215)682-5262,i2i.jp,
Thomas,Flores,tfloreshl@google.nl,Vihti,23/02/1987,358-(713)530-6105,sohu.com,
Diane,Flores,dfloreshm@senate.gov,San Antonio,26/01/1981,52-(286)474-9564,tripod.com,
Rachel,Harper,rharperhn@networkadvertising.org,Nyaunglebin,14/01/1982,95-(565)446-8800,elpais.com,
Carl,Hamilton,chamiltonho@imgur.com,Mamali,13/12/1984,63-(864)786-9014,apache.org,
Scott,Kelly,skellyhp@yahoo.com,Xiaotang,16/08/1988,86-(172)246-7984,networksolutions.com,
Gloria,Hawkins,ghawkinshq@redcross.org,Outeiro,25/04/1988,351-(615)734-4180,wp.com,
Nicholas,Ortiz,nortizhr@de.vu,Sampués,09/01/1987,57-(379)869-6410,multiply.com,
Lawrence,Knight,lknighths@mozilla.com,Paris 19,13/07/1983,33-(444)437-2970,uiuc.edu,
Ruth,Armstrong,rarmstronght@wsj.com,Xiyang,16/07/1981,86-(686)635-9415,latimes.com,
Kenneth,Knight,kknighthu@spiegel.de,Santa Rosa,02/06/1985,54-(292)662-0047,typepad.com,
Emily,Cole,ecolehv@omniture.com,Cincinnati,12/05/1980,1-(513)680-5530,ehow.com,
Diane,Meyer,dmeyerhw@hostgator.com,Sapat,13/09/1983,62-(259)905-1800,diigo.com,
Raymond,Ferguson,rfergusonhx@census.gov,Brzeg Dolny,24/09/1988,48-(364)537-9066,vkontakte.ru,
John,Boyd,jboydhy@hubpages.com,Aramayuan,22/07/1986,63-(248)569-1416,marketwatch.com,
Justin,Brooks,jbrookshz@simplemachines.org,Desakolot,19/08/1985,62-(621)750-5806,ustream.tv,
Mary,Hall,mhalli0@skyrock.com,Daping,08/08/1989,86-(329)793-9409,home.pl,
Joseph,West,jwesti1@meetup.com,Palermo,08/06/1983,39-(585)823-0374,chronoengine.com,
Mary,Ward,mwardi2@businessinsider.com,Légua,01/04/1987,351-(862)819-3778,live.com,
Ashley,White,awhitei3@fema.gov,Moche,15/10/1980,51-(790)645-3728,domainmarket.com,
Judith,Perry,jperryi4@time.com,Jamaica,29/01/1988,1-(212)990-8300,networkadvertising.org,
Kimberly,Hansen,khanseni5@desdev.cn,Fengqiao,06/12/1981,86-(765)242-5850,multiply.com,
Beverly,Ramirez,bramirezi6@prnewswire.com,Itzer,27/03/1985,212-(355)987-6658,kickstarter.com,
Russell,Parker,rparkeri7@deliciousdays.com,Kebon,24/05/1982,62-(775)779-3332,webs.com,
Larry,Brown,lbrowni8@hhs.gov,Fier,19/04/1985,355-(218)455-3609,freewebs.com,
Cynthia,Hansen,chanseni9@techcrunch.com,Jiangkouxu,15/02/1989,86-(890)929-4972,comcast.net,
Sandra,Mason,smasonia@google.com.hk,Liangdong,14/09/1984,86-(223)910-4055,about.com,
Andrew,Lane,alaneib@indiatimes.com,Uren’,21/05/1983,7-(621)670-7651,disqus.com,
Anne,Evans,aevansic@zimbio.com,Blessington,12/02/1990,353-(952)433-7607,com.com,
Arthur,Gomez,agomezid@ft.com,Kefar Shemaryahu,12/12/1981,972-(245)315-3161,people.com.cn,
Denise,Bowman,dbowmanie@plala.or.jp,Qinghe,02/06/1983,86-(931)542-0810,fc2.com,
Jessica,Ford,jfordif@amazon.de,Chivilcoy,03/04/1981,54-(428)736-3645,cmu.edu,
Mark,Cole,mcoleig@51.la,Wola Jachowa,24/04/1980,48-(546)916-9219,yellowbook.com,
Julia,Lopez,jlopezih@fda.gov,Sandefjord,31/05/1989,47-(404)246-6405,usgs.gov,
Jimmy,Hamilton,jhamiltonii@census.gov,Leonárisso,19/01/1983,357-(695)621-2197,acquirethisname.com,
Julie,Dixon,jdixonij@sohu.com,Manta,05/05/1985,593-(567)471-1271,webeden.co.uk,
Lawrence,Gordon,lgordonik@uiuc.edu,Huashu,02/04/1989,86-(471)971-9934,sakura.ne.jp,
Kimberly,Carter,kcarteril@ucla.edu,Hüremt,31/12/1988,976-(282)257-7955,meetup.com,
Randy,Lynch,rlynchim@alibaba.com,Kunda,19/02/1987,372-(676)305-4949,alibaba.com,
Janet,Woods,jwoodsin@gizmodo.com,Pryazha,21/12/1985,7-(607)674-9264,boston.com,
Julie,Lawrence,jlawrenceio@4shared.com,Tuapukan,10/06/1984,62-(400)652-6535,posterous.com,
Judy,Oliver,joliverip@printfriendly.com,Popovice,11/09/1987,420-(187)564-6135,yahoo.com,
Christina,Stevens,cstevensiq@icio.us,Ar Rudayyif,12/07/1984,216-(168)605-2233,google.com.au,
Randy,Jacobs,rjacobsir@msu.edu,Shaft,22/08/1989,98-(656)606-2482,blogspot.com,
Linda,Barnes,lbarnesis@java.com,Timashëvsk,02/10/1987,7-(477)882-1152,comsenz.com,
Craig,Reynolds,creynoldsit@cocolog-nifty.com,Primorsko,16/09/1980,359-(217)455-5732,goo.ne.jp,
Emily,Weaver,eweaveriu@nps.gov,Rejoyoso,10/11/1989,62-(386)289-5813,jiathis.com,
Barbara,Thompson,bthompsoniv@devhub.com,Sundsvall,17/01/1985,46-(329)314-6028,free.fr,
Annie,Knight,aknightiw@t.co,Manticao,02/12/1985,63-(543)748-3132,archive.org,
David,Walker,dwalkerix@1688.com,Vyshneye Dolgoye,12/04/1984,7-(684)671-6074,icio.us,
Jonathan,Brown,jbrowniy@unicef.org,Manorhamilton,02/06/1984,353-(787)692-0400,desdev.cn,
Tammy,Perkins,tperkinsiz@squidoo.com,Järfälla,25/05/1985,46-(771)835-9570,edublogs.org,
Gary,Jacobs,gjacobsj0@wisc.edu,Araguaína,15/03/1986,55-(798)899-8099,cpanel.net,
Ann,Hicks,ahicksj1@scribd.com,Freiburg im Breisgau,14/09/1986,49-(939)348-0211,cbsnews.com,
Sandra,Hart,shartj2@so-net.ne.jp,Xipingle,27/10/1985,86-(413)968-1917,netvibes.com,
Joseph,Howell,jhowellj3@google.de,Salitral,22/06/1982,506-(208)932-8657,infoseek.co.jp,
Lawrence,Miller,lmillerj4@360.cn,Sudoměřice,01/09/1988,420-(800)534-4495,sina.com.cn,
Jessica,Torres,jtorresj5@jimdo.com,Taiping,27/02/1986,86-(569)185-5919,hc360.com,
Jennifer,Fisher,jfisherj6@addthis.com,Chumphon Buri,08/08/1980,66-(962)325-2583,sogou.com,
Sara,Davis,sdavisj7@wordpress.com,Chupa,04/06/1982,7-(289)218-4579,unesco.org,
Billy,Mason,bmasonj8@linkedin.com,Santa Ana,16/06/1985,1-(714)475-1053,accuweather.com,
Sandra,Henderson,shendersonj9@ibm.com,Vigan,22/04/1986,63-(276)613-7135,gmpg.org,
Annie,Duncan,aduncanja@nytimes.com,Tampekan,03/03/1985,62-(989)764-5882,4shared.com,
Phillip,Johnson,pjohnsonjb@flavors.me,Petukhovo,02/06/1986,7-(426)137-4296,cdc.gov,
Christopher,Ellis,cellisjc@nature.com,Ayang-ni,17/05/1982,850-(457)349-0624,wikimedia.org,
Paula,Morris,pmorrisjd@webs.com,Nawá,15/12/1982,963-(692)813-1277,shinystat.com,
Theresa,Watkins,twatkinsje@tamu.edu,Xihanling,08/03/1989,86-(915)214-7181,ustream.tv,
John,Gonzalez,jgonzalezjf@is.gd,Chonogol,20/11/1985,976-(534)898-3269,weather.com,
Joan,Greene,jgreenejg@cnbc.com,Erhaodi,05/10/1983,86-(235)401-9853,yellowbook.com,
Jack,Simpson,jsimpsonjh@studiopress.com,Ivry-sur-Seine,29/05/1984,33-(783)894-6294,youtu.be,
Jennifer,Garrett,jgarrettji@1und1.de,Extremoz,19/02/1985,55-(719)546-7111,dyndns.org,
Julia,Ellis,jellisjj@w3.org,Cibeureum,07/08/1981,62-(676)675-1841,bigcartel.com,
Elizabeth,Arnold,earnoldjk@time.com,Lazaro Cardenas,11/08/1982,52-(950)150-0172,blogs.com,
Sandra,Dunn,sdunnjl@instagram.com,Hengling,18/01/1984,86-(389)353-3961,shinystat.com,
Michelle,Pierce,mpiercejm@scientificamerican.com,Altanbulag,23/03/1989,976-(250)250-1189,desdev.cn,
Susan,Clark,sclarkjn@hubpages.com,Lewoluo,20/09/1980,62-(669)381-3396,bluehost.com,
Albert,Hudson,ahudsonjo@wordpress.org,Antang,15/01/1990,86-(847)136-6568,angelfire.com,
James,Thompson,jthompsonjp@mit.edu,Xiluodu,11/06/1988,86-(680)409-5922,networkadvertising.org,
Irene,Richardson,irichardsonjq@seattletimes.com,Nerk’in Getashen,02/08/1987,374-(714)260-4663,issuu.com,
Victor,Hayes,vhayesjr@cocolog-nifty.com,Los Andes,19/07/1984,57-(919)167-9199,mac.com,
Victor,Myers,vmyersjs@whitehouse.gov,Adzopé,27/03/1981,225-(150)299-4091,hexun.com,
Ryan,Morrison,rmorrisonjt@ucsd.edu,Angkup,26/12/1981,62-(776)402-2381,wikimedia.org,
Jane,Wheeler,jwheelerju@zimbio.com,Glafirovka,24/10/1982,7-(885)843-3245,cam.ac.uk,
Sandra,Walker,swalkerjv@cnn.com,Niebocko,13/02/1983,48-(498)932-8584,squarespace.com,
Gerald,Gardner,ggardnerjw@photobucket.com,Zblewo,04/03/1983,48-(901)852-5528,mediafire.com,
Emily,Flores,efloresjx@discuz.net,Kobyzhcha,27/08/1988,380-(674)357-8640,istockphoto.com,
Jimmy,Taylor,jtaylorjy@mapquest.com,Lees Summit,04/11/1982,1-(816)856-3120,jiathis.com,
Roy,Bailey,rbaileyjz@hatena.ne.jp,Winschoten,03/02/1990,31-(917)652-6330,hibu.com,
Joyce,Fisher,jfisherk0@nhs.uk,Banjar Sengguan,19/07/1987,62-(132)819-2522,webmd.com,
Sharon,Hansen,shansenk1@eepurl.com,Łobodno,15/05/1981,48-(196)359-5375,nifty.com,
Roy,Gomez,rgomezk2@google.com.hk,Hino,10/10/1987,81-(588)363-9809,opera.com,
Philip,Butler,pbutlerk3@comsenz.com,Abnūb,15/04/1983,20-(341)136-1253,exblog.jp,
Keith,Wagner,kwagnerk4@cornell.edu,Payxambabazar,27/03/1983,86-(189)809-7822,ed.gov,
Jerry,Larson,jlarsonk5@hostgator.com,Somdet,29/07/1982,66-(549)883-8126,umn.edu,
Diana,Williamson,dwilliamsonk6@google.ca,Chang’an,19/10/1986,86-(757)851-0016,businessweek.com,
Jeremy,Mendoza,jmendozak7@mapy.cz,Ciakar,07/12/1985,62-(841)109-1265,netvibes.com,
Henry,Davis,hdavisk8@zimbio.com,Gubeikou,27/02/1982,86-(349)895-9474,unesco.org,
Kelly,Stanley,kstanleyk9@wufoo.com,Emiliano Zapata,29/11/1985,52-(756)414-0154,webnode.com,
Kevin,Boyd,kboydka@patch.com,Bafoussam,27/09/1984,237-(829)743-8017,barnesandnoble.com,
Douglas,Perry,dperrykb@umn.edu,Jeblog Satu,08/01/1987,62-(175)589-8669,craigslist.org,
Joan,Flores,jfloreskc@umich.edu,Sinjār,28/04/1983,963-(231)281-4936,elpais.com,
Martha,Fields,mfieldskd@angelfire.com,Nofoali‘i,25/01/1988,685-(688)204-9874,theatlantic.com,
Sara,Moreno,smorenoke@barnesandnoble.com,Chernyshevsk,03/08/1985,7-(359)437-4623,shareasale.com,
Steve,Henry,shenrykf@tumblr.com,Vänersborg,14/10/1984,46-(490)613-2413,cpanel.net,
Alan,Richardson,arichardsonkg@bravesites.com,Chilliwack,31/03/1985,1-(239)752-0607,drupal.org,
Willie,Bowman,wbowmankh@utexas.edu,Cimitarra,11/03/1985,57-(316)140-5461,chron.com,
Johnny,Dunn,jdunnki@deviantart.com,Olds,19/10/1987,1-(984)664-9127,homestead.com,
Paula,Young,pyoungkj@google.es,Mangochi,11/07/1984,265-(348)854-9753,dyndns.org,
Juan,Walker,jwalkerkk@businesswire.com,Ciodeng,15/03/1986,62-(998)264-0529,cyberchimps.com,
Timothy,Long,tlongkl@comsenz.com,Kakaek,27/07/1982,62-(189)907-0809,merriam-webster.com,
Deborah,Bishop,dbishopkm@slashdot.org,Västra Frölunda,08/06/1983,46-(364)534-9923,netlog.com,
Kathy,Martin,kmartinkn@1und1.de,Nidri,16/12/1987,30-(754)134-9716,icq.com,
Justin,Montgomery,jmontgomeryko@altervista.org,Sigavé,02/05/1983,681-(400)653-7100,apple.com,
Lisa,Montgomery,lmontgomerykp@google.pl,Maracay,27/08/1986,58-(542)647-1798,bigcartel.com,
Philip,King,pkingkq@washington.edu,Kivsharivka,14/08/1982,380-(221)207-8100,webeden.co.uk,
Kimberly,Morgan,kmorgankr@cyberchimps.com,Pincher Creek,04/05/1988,1-(980)353-5304,google.com.hk,
Theresa,Shaw,tshawks@prweb.com,Yanzhou,22/08/1980,86-(512)475-5070,sphinn.com,
Kelly,Perkins,kperkinskt@tuttocitta.it,Soutelo,12/05/1980,351-(494)951-4829,slideshare.net,
Brandon,Davis,bdavisku@linkedin.com,Yuanyang,07/12/1983,86-(172)575-1695,auda.org.au,
Mary,Richards,mrichardskv@utexas.edu,Örebro,04/02/1981,46-(341)291-9015,e-recht24.de,
Phyllis,Mcdonald,pmcdonaldkw@tumblr.com,Shuangtang,08/04/1988,86-(341)151-9207,privacy.gov.au,
Louise,Stephens,lstephenskx@thetimes.co.uk,København,12/07/1982,45-(507)653-7861,telegraph.co.uk,
Charles,Gonzales,cgonzalesky@whitehouse.gov,Cherven Bryag,20/09/1980,359-(936)710-6170,ft.com,
Amy,Gonzalez,agonzalezkz@a8.net,Annecy-le-Vieux,23/07/1987,33-(721)844-4653,cloudflare.com,
Bruce,Roberts,brobertsl0@ted.com,Tawa,05/09/1984,86-(374)310-2532,bbc.co.uk,
Raymond,Martin,rmartinl1@uol.com.br,Cipeundeuy,01/12/1989,62-(737)781-7694,un.org,
Betty,Lane,blanel2@eventbrite.com,Konsoy,16/06/1983,992-(571)942-3868,examiner.com,
Mildred,Ramos,mramosl3@theatlantic.com,Katumba,30/12/1987,255-(843)485-2550,boston.com,
Bobby,Foster,bfosterl4@blog.com,Asopía,07/11/1982,30-(976)639-2041,gov.uk,
Rachel,Rodriguez,rrodriguezl5@arstechnica.com,Spånga,23/02/1988,46-(938)795-1272,cdbaby.com,
Phyllis,Perkins,pperkinsl6@cam.ac.uk,Kwolla,11/12/1980,234-(164)684-3808,drupal.org,
Randy,Ray,rrayl7@behance.net,Đắk Song,04/04/1984,84-(335)165-7211,yahoo.com,
Victor,Sims,vsimsl8@netlog.com,Radzanów,04/12/1988,48-(806)464-4518,dot.gov,
Harry,Hart,hhartl9@weebly.com,Zhu’ao,01/12/1984,86-(239)370-6113,nhs.uk,
Jesse,Owens,jowensla@mail.ru,Delft,02/08/1989,31-(446)188-1128,yelp.com,
Edward,Martinez,emartinezlb@timesonline.co.uk,Mili,23/06/1982,692-(400)973-6954,adobe.com,
Matthew,Smith,msmithlc@soundcloud.com,Newmarket,20/10/1985,1-(827)831-7538,google.co.uk,
Anthony,Bailey,abaileyld@miibeian.gov.cn,Skidal’,17/05/1983,375-(170)272-7311,dyndns.org,
Craig,Anderson,candersonle@ovh.net,Palkino,01/01/1982,7-(820)666-4832,clickbank.net,
William,Campbell,wcampbelllf@google.co.uk,Leiden,02/06/1989,31-(844)391-9787,newyorker.com,
Margaret,Tucker,mtuckerlg@si.edu,Kawaguchi,08/03/1990,81-(941)463-5759,dmoz.org,
Bobby,Shaw,bshawlh@bravesites.com,Santa Barbara,27/09/1981,63-(833)124-1831,github.com,
Wanda,Powell,wpowellli@exblog.jp,Żabno,02/06/1983,48-(810)676-8779,npr.org,
Jimmy,Lewis,jlewislj@skyrock.com,Chai Badan,08/02/1986,66-(359)247-3832,facebook.com,
Jean,Welch,jwelchlk@google.pl,Verkhov’ye,19/10/1981,7-(502)598-9174,bing.com,
Matthew,Harvey,mharveyll@hubpages.com,Gongdao,30/01/1989,86-(514)841-2424,shareasale.com,
Deborah,Lopez,dlopezlm@comcast.net,San Felipe,03/10/1987,506-(738)549-8436,google.ru,
John,Anderson,jandersonln@census.gov,Andkhōy,02/08/1982,93-(226)187-8412,senate.gov,
Jane,Garza,jgarzalo@altervista.org,Tokmok,16/01/1990,996-(999)460-5711,blogtalkradio.com,
Phillip,Bryant,pbryantlp@kickstarter.com,Portland,25/02/1985,1-(971)841-9644,360.cn,
Cheryl,Carter,ccarterlq@washingtonpost.com,København,23/03/1981,45-(351)769-0825,unesco.org,
Marie,Sanders,msanderslr@stumbleupon.com,Tsovazard,14/12/1988,374-(979)556-8805,hatena.ne.jp,
Scott,Olson,solsonls@biblegateway.com,Yur’yev-Pol’skiy,26/04/1984,7-(205)229-7791,who.int,
Larry,Gray,lgraylt@webs.com,Courtaboeuf,20/06/1989,33-(198)852-6979,yahoo.co.jp,
Rose,Morales,rmoraleslu@is.gd,Doumen,03/04/1986,86-(932)745-7642,blogs.com,
Albert,Torres,atorreslv@usa.gov,Bektemir,06/08/1980,998-(191)526-7912,amazon.com,
Juan,Hansen,jhansenlw@aboutads.info,Belo Horizonte,02/07/1988,55-(393)669-7960,canalblog.com,
Doris,Roberts,drobertslx@unc.edu,Jinrongjie,20/12/1983,86-(868)340-5607,dedecms.com,
Ruby,Ferguson,rfergusonly@jigsy.com,Suai,11/10/1982,670-(599)853-2350,sogou.com,
Billy,King,bkinglz@woothemes.com,Austin,27/10/1981,1-(512)170-6437,cyberchimps.com,
Ernest,Chavez,echavezm0@posterous.com,Trŭn,27/07/1982,359-(125)761-1692,clickbank.net,
Elizabeth,Lane,elanem1@google.com.hk,Buritama,15/12/1986,55-(509)234-5209,squarespace.com,
Julie,Alvarez,jalvarezm2@webmd.com,Sabang,13/11/1984,63-(604)947-5084,auda.org.au,
Douglas,Young,dyoungm3@creativecommons.org,Sembung,12/09/1984,62-(900)654-3869,yolasite.com,
Dorothy,Peters,dpetersm4@smugmug.com,Kondrovo,11/11/1985,7-(134)614-2266,walmart.com,
Tammy,Morgan,tmorganm5@go.com,Wolomarang,14/09/1981,62-(111)553-2036,google.de,
Gerald,King,gkingm6@discuz.net,Tojal,02/03/1981,351-(478)219-7318,squidoo.com,
Thomas,Stanley,tstanleym7@i2i.jp,Itaguaí,09/11/1989,55-(791)574-2140,hhs.gov,
Ruth,Russell,rrussellm8@ebay.co.uk,Sukakerta,11/04/1982,62-(493)728-8555,reuters.com,
Teresa,Berry,tberrym9@washington.edu,Mertert,16/10/1985,352-(160)642-3985,arstechnica.com,
Sharon,Jones,sjonesma@amazon.com,Chlumec nad Cidlinou,14/09/1987,420-(813)885-8533,chron.com,
Catherine,Mendoza,cmendozamb@altervista.org,Kuala Lumpur,20/04/1985,60-(171)992-0257,vinaora.com,
Bonnie,Adams,badamsmc@csmonitor.com,Megati Kelod,29/06/1983,62-(608)561-9432,nymag.com,
Robin,Pierce,rpiercemd@spotify.com,Sijiu,01/08/1981,86-(335)506-9163,nytimes.com,
Donald,Russell,drussellme@creativecommons.org,Jiaoqi,19/05/1988,86-(221)132-0083,wikimedia.org,
Fred,Hicks,fhicksmf@scientificamerican.com,Qujiang,17/09/1983,86-(171)795-9835,freewebs.com,
Laura,Hernandez,lhernandezmg@wisc.edu,Challas,28/02/1988,51-(964)165-1994,vinaora.com,
Susan,Ortiz,sortizmh@weebly.com,Vis,07/09/1984,385-(917)338-4347,microsoft.com,
Evelyn,Day,edaymi@smh.com.au,Sruni,30/08/1980,62-(166)413-7005,google.cn,
Dorothy,Miller,dmillermj@comcast.net,La Ceja,15/03/1985,57-(153)591-2804,unc.edu,
Denise,Evans,devansmk@ihg.com,Jingyang,29/11/1981,86-(276)287-8974,cyberchimps.com,
Louis,Pierce,lpierceml@google.ru,Srokowo,13/01/1982,48-(621)990-7721,auda.org.au,
Roy,Porter,rportermm@huffingtonpost.com,Poitiers,07/05/1980,33-(852)607-7310,japanpost.jp,
Catherine,Holmes,cholmesmn@xinhuanet.com,Kallíthiron,28/09/1984,30-(390)365-1555,mac.com,
Betty,Lawrence,blawrencemo@discovery.com,Chruszczobród,22/01/1984,48-(294)552-1690,oaic.gov.au,
Emily,Reed,ereedmp@jigsy.com,Wenfu,07/09/1983,86-(214)145-3354,bandcamp.com,
Lois,Jackson,ljacksonmq@photobucket.com,Breda,15/08/1983,31-(823)824-8791,nydailynews.com,
Paula,Shaw,pshawmr@usda.gov,Hejiang,01/10/1983,86-(593)521-5918,phoca.cz,
Ralph,Simmons,rsimmonsms@gizmodo.com,Sundumbili,09/01/1990,27-(145)874-6222,amazon.co.jp,
Eugene,Bradley,ebradleymt@indiegogo.com,Pugeran,18/02/1981,62-(173)888-7030,bizjournals.com,
Sharon,Evans,sevansmu@kickstarter.com,Bangunharja,18/12/1983,62-(312)690-2241,webnode.com,
Justin,Moreno,jmorenomv@last.fm,Zala,02/06/1981,86-(450)508-7667,furl.net,
Justin,Carroll,jcarrollmw@hubpages.com,Ladário,28/04/1989,351-(617)930-4115,state.gov,
Juan,Moreno,jmorenomx@prnewswire.com,Sasnovy Bor,18/12/1982,375-(750)768-4824,zdnet.com,
Justin,White,jwhitemy@cam.ac.uk,Obo,09/10/1983,236-(222)743-8238,xing.com,
Jesse,Peterson,jpetersonmz@europa.eu,Ratoath,24/10/1982,353-(483)936-8471,fastcompany.com,
Ruth,Lopez,rlopezn0@altervista.org,Sukosari,30/08/1988,62-(900)227-7893,ebay.co.uk,
Catherine,Ward,cwardn1@e-recht24.de,Aldeia da Mata,13/03/1985,351-(561)188-1751,usnews.com,
Irene,Johnson,ijohnsonn2@creativecommons.org,Valencia,04/06/1985,63-(695)315-0911,pen.io,
Irene,Hicks,ihicksn3@joomla.org,Yushan,19/10/1984,86-(670)559-7056,quantcast.com,
David,Kim,dkimn4@networksolutions.com,Banjar Brahmanabukit,05/07/1988,62-(572)451-1969,toplist.cz,
Martin,Graham,mgrahamn5@dailymotion.com,Jilong,15/06/1985,86-(356)857-7384,guardian.co.uk,
Melissa,Reynolds,mreynoldsn6@trellian.com,Tcholliré,03/05/1986,237-(219)426-6517,behance.net,
Bruce,Simpson,bsimpsonn7@wix.com,Tembang,14/12/1983,62-(552)102-3909,epa.gov,
Matthew,Wagner,mwagnern8@1688.com,Manhiça,21/01/1986,258-(446)845-2471,comcast.net,
Irene,Clark,iclarkn9@aboutads.info,Sungai Raya,10/04/1985,62-(217)144-2084,wordpress.com,
Sean,Warren,swarrenna@sbwire.com,Frakulla e Madhe,07/11/1982,355-(475)549-5577,narod.ru,
Russell,Bryant,rbryantnb@statcounter.com,Logroño,31/10/1981,34-(486)910-3959,ocn.ne.jp,
Kathy,Graham,kgrahamnc@time.com,Montasik,20/09/1981,62-(203)769-9874,house.gov,
Linda,Greene,lgreenend@infoseek.co.jp,Ladoeiro,22/10/1983,351-(718)802-1108,csmonitor.com,
Ralph,Dunn,rdunnne@indiatimes.com,Kruševica,18/09/1989,385-(105)917-4258,nyu.edu,
Todd,Harvey,tharveynf@gov.uk,Sukahening,20/05/1989,62-(441)460-4220,moonfruit.com,
Louis,Stanley,lstanleyng@ning.com,Rudna Mała,13/10/1987,48-(532)942-8589,oakley.com,
Arthur,Roberts,arobertsnh@so-net.ne.jp,San Justo,22/10/1980,54-(825)680-3130,sciencedaily.com,
Patrick,Roberts,probertsni@friendfeed.com,Łukowa,31/12/1983,48-(815)586-3984,networksolutions.com,
Denise,Griffin,dgriffinnj@furl.net,Xingguo,03/11/1982,86-(215)515-8567,freewebs.com,
Jessica,Wells,jwellsnk@uol.com.br,Gornyy,27/01/1984,7-(391)370-6634,goo.ne.jp,
Howard,Grant,hgrantnl@bandcamp.com,Chadong,06/10/1983,86-(979)115-8040,theglobeandmail.com,
Jean,Schmidt,jschmidtnm@miibeian.gov.cn,Banjarjo,06/06/1983,62-(415)128-3376,va.gov,
Ralph,Cruz,rcruznn@mtv.com,Vyksa,16/05/1988,7-(796)225-7593,nbcnews.com,
Kathryn,Murphy,kmurphyno@nydailynews.com,Līvāni,05/12/1987,371-(464)720-0245,php.net,
Jane,Bowman,jbowmannp@nba.com,Largo,02/09/1986,1-(863)854-9984,loc.gov,
Diana,Torres,dtorresnq@whitehouse.gov,Inkerman,25/09/1988,380-(977)840-2758,histats.com,
Jessica,Sanders,jsandersnr@fc2.com,Shipaidong,10/04/1989,86-(747)365-5592,google.es,
Ashley,Payne,apaynens@alibaba.com,Viana,01/10/1981,55-(446)303-2852,wikimedia.org,
Peter,Hall,phallnt@nymag.com,Ol’ginskaya,11/12/1982,7-(102)714-3304,soundcloud.com,
Roger,Carroll,rcarrollnu@ifeng.com,Kotido,08/11/1984,256-(792)369-0144,bandcamp.com,
Henry,Gonzales,hgonzalesnv@telegraph.co.uk,Chengyue,06/07/1983,86-(804)512-2167,mozilla.com,
Martha,Day,mdaynw@ovh.net,Douala,09/03/1988,237-(360)187-4074,globo.com,
Judith,Stone,jstonenx@redcross.org,Baltasar Brum,13/10/1988,598-(250)244-1394,apple.com,
Keith,Ellis,kellisny@creativecommons.org,Hantang,06/01/1986,86-(801)637-4754,shinystat.com,
Jerry,Foster,jfosternz@last.fm,Hitura,02/07/1981,977-(329)949-3763,skype.com,
Christine,Little,clittleo0@mail.ru,Jiuli,28/01/1986,86-(923)799-4876,answers.com,
Kelly,Schmidt,kschmidto1@1und1.de,Imrīsh,27/09/1986,970-(771)915-9292,homestead.com,
Susan,Tucker,stuckero2@tuttocitta.it,Campamento,31/10/1987,57-(578)473-2077,nymag.com,
Rachel,Watkins,rwatkinso3@github.com,Pinara,08/03/1988,62-(433)262-4387,kickstarter.com,
Stephanie,Rogers,srogerso4@phoca.cz,Mugan,21/04/1980,86-(969)986-8734,ted.com,
Jonathan,Gomez,jgomezo5@xinhuanet.com,Fram,19/08/1989,595-(843)489-9205,foxnews.com,
Sandra,Ross,srosso6@google.co.uk,Paris 05,17/03/1986,33-(508)752-5971,elegantthemes.com,
Ann,Hansen,ahanseno7@tamu.edu,Herāt,30/05/1984,93-(757)547-8605,woothemes.com,
Philip,Brown,pbrowno8@ning.com,Oslo,09/12/1986,47-(365)627-6224,china.com.cn,
Melissa,Williams,mwilliamso9@redcross.org,Shihuiqiao,19/01/1981,86-(902)599-0219,ted.com,
Christopher,Williamson,cwilliamsonoa@odnoklassniki.ru,Bordeaux,02/11/1982,33-(830)653-1505,1und1.de,
Howard,Tucker,htuckerob@domainmarket.com,Sindanghayu,10/03/1988,62-(645)669-0459,jalbum.net,
Russell,Harrison,rharrisonoc@yandex.ru,Peredovaya,19/09/1981,7-(245)790-8331,youtube.com,
Andrew,Fields,afieldsod@jugem.jp,Janowice,16/03/1984,48-(385)678-9020,netscape.com,
Edward,Meyer,emeyeroe@cbsnews.com,Yantian,12/01/1981,86-(186)429-0034,yelp.com,
Phillip,Harrison,pharrisonof@booking.com,Tvøroyri,12/07/1986,298-(246)327-7552,topsy.com,
Theresa,Hicks,thicksog@nydailynews.com,Jiucheng,31/12/1986,86-(638)817-3527,icq.com,
Larry,Wells,lwellsoh@phpbb.com,Non Sung,17/06/1989,66-(160)559-9300,webmd.com,
Julie,Meyer,jmeyeroi@example.com,Shiye,27/10/1989,86-(696)264-7497,alibaba.com,
Chris,Ross,crossoj@delicious.com,Itaparica,21/11/1980,55-(509)965-7391,ftc.gov,
Willie,Holmes,wholmesok@list-manage.com,Alarobia,19/03/1990,261-(546)664-0199,craigslist.org,
Julia,Burke,jburkeol@ustream.tv,Huurch,30/01/1989,976-(874)919-8526,si.edu,
Harry,Armstrong,harmstrongom@google.com.hk,Fareydūnshahr,29/10/1980,98-(215)669-6359,phpbb.com,
Jonathan,Berry,jberryon@ycombinator.com,Qingshuihe,19/05/1981,86-(745)987-2669,patch.com,
Rebecca,Hunter,rhunteroo@cnbc.com,Zemlyansk,21/08/1988,7-(875)964-3524,toplist.cz,
Robin,Edwards,redwardsop@tuttocitta.it,Bueng Kan,24/09/1981,66-(201)768-7944,blinklist.com,
Mark,Armstrong,marmstrongoq@ebay.com,Resapombo,12/08/1988,62-(858)779-8784,google.co.jp,
Kevin,Mendoza,kmendozaor@google.cn,Jiangfang,22/08/1985,86-(369)770-0798,linkedin.com,
Michelle,Palmer,mpalmeros@utexas.edu,San Juan del Cesar,15/12/1984,57-(181)185-1560,epa.gov,
Alan,Porter,aporterot@ihg.com,Itéa,25/08/1983,30-(492)748-3722,tmall.com,
Brian,Fields,bfieldsou@cdbaby.com,Hacıhüseynli,24/12/1985,994-(822)862-4488,delicious.com,
George,Mendoza,gmendozaov@uiuc.edu,Srednebelaya,19/12/1986,7-(784)347-5312,storify.com,
Evelyn,Wallace,ewallaceow@cpanel.net,Maní,30/12/1984,57-(677)796-4998,nifty.com,
Pamela,Jenkins,pjenkinsox@posterous.com,Refojos de Riba de Ave,16/12/1985,351-(483)195-3617,miitbeian.gov.cn,
Catherine,Hicks,chicksoy@mtv.com,Konza,25/11/1988,254-(195)632-3697,illinois.edu,
Teresa,Butler,tbutleroz@omniture.com,Bang Racham,09/11/1985,66-(558)499-7143,elegantthemes.com,
David,Gonzalez,dgonzalezp0@pinterest.com,Kabakovo,04/06/1980,7-(835)951-9355,nasa.gov,
Jesse,Spencer,jspencerp1@aboutads.info,Shaguotun,20/09/1988,86-(239)325-3590,ustream.tv,
Chris,Stephens,cstephensp2@newsvine.com,Houzhai,10/02/1986,86-(979)448-3858,google.com.au,
Anne,Nguyen,anguyenp3@printfriendly.com,Santa Eulalia,18/10/1989,51-(806)853-7486,hatena.ne.jp,
Kevin,Young,kyoungp4@washington.edu,Mirošov,10/12/1987,420-(185)343-4944,chronoengine.com,
Christopher,Howard,chowardp5@slashdot.org,Kudanding,25/08/1988,63-(983)522-8164,java.com,
Paula,Fox,pfoxp6@wp.com,Handegate,17/11/1985,86-(717)416-5810,berkeley.edu,
Harold,Fox,hfoxp7@engadget.com,Limoeiro do Norte,08/01/1990,55-(802)742-8892,foxnews.com,
Judith,Lawrence,jlawrencep8@aboutads.info,Zmeyskaya,08/09/1985,7-(140)956-7506,soup.io,
Donald,Stewart,dstewartp9@booking.com,Eséka,15/05/1988,237-(665)839-9842,cafepress.com,
Jessica,Dixon,jdixonpa@imgur.com,Yazd,06/11/1989,98-(651)875-0049,bluehost.com,
Nicole,Green,ngreenpb@privacy.gov.au,Malumfashi,14/08/1984,234-(144)220-1037,toplist.cz,
Jack,Mendoza,jmendozapc@mac.com,Gajiram,04/08/1989,234-(138)581-6722,ifeng.com,
Willie,Phillips,wphillipspd@yale.edu,Naudero,24/07/1988,92-(587)116-2611,instagram.com,
Craig,Hill,chillpe@hc360.com,Jinchuan,20/09/1985,86-(257)981-6133,lulu.com,
Frances,Bennett,fbennettpf@illinois.edu,Stockholm,25/04/1982,46-(432)135-6095,japanpost.jp,
Annie,Hamilton,ahamiltonpg@google.co.jp,Los Pinos,09/06/1985,52-(535)379-5198,indiegogo.com,
Jeremy,Simpson,jsimpsonph@examiner.com,Rawa Satu,20/11/1982,62-(831)903-5261,hatena.ne.jp,
Evelyn,Romero,eromeropi@chicagotribune.com,Imtarfa,21/08/1980,356-(570)385-0444,cnbc.com,
Terry,Andrews,tandrewspj@state.tx.us,San Clemente,10/11/1986,51-(936)930-7421,time.com,
Andrea,Jacobs,ajacobspk@chicagotribune.com,Makabe,31/03/1986,81-(820)762-4339,nyu.edu,
Kevin,Marshall,kmarshallpl@ca.gov,Volodymyr-Volyns’kyy,08/04/1981,380-(299)535-6613,webnode.com,
Jack,Stanley,jstanleypm@newyorker.com,Horta,11/04/1988,351-(179)647-0943,furl.net,
Debra,Jenkins,djenkinspn@goo.gl,Huangli,27/11/1985,86-(343)851-3230,ebay.co.uk,
Nicole,Hall,nhallpo@paginegialle.it,Cherëmushki,26/03/1982,7-(834)486-8312,whitehouse.gov,
Lisa,Banks,lbankspp@deliciousdays.com,Tanggung,31/10/1987,62-(220)549-6096,symantec.com,
Fred,Freeman,ffreemanpq@phpbb.com,Ar Rass,30/11/1982,966-(488)946-6035,java.com,
Kelly,Dixon,kdixonpr@angelfire.com,Jinanten,03/06/1989,62-(639)190-5497,umich.edu,
Jessica,Bradley,jbradleyps@linkedin.com,Viimsi,12/11/1983,372-(705)398-6905,oakley.com,
Diane,Martinez,dmartinezpt@dmoz.org,Maria,25/08/1986,62-(141)361-5076,tripadvisor.com,
Janice,Roberts,jrobertspu@moonfruit.com,Dongyang,02/06/1986,86-(154)329-4752,indiegogo.com,
Laura,Baker,lbakerpv@aboutads.info,Imtarfa,05/09/1982,356-(956)955-4761,dropbox.com,
Marie,Stevens,mstevenspw@census.gov,San Carlos,16/01/1986,57-(357)640-0495,list-manage.com,
Ralph,Gutierrez,rgutierrezpx@icio.us,Gołkowice,14/02/1989,48-(810)770-3733,arizona.edu,
Jean,Robinson,jrobinsonpy@xinhuanet.com,Banjar Madangan Kaja,10/12/1988,62-(893)888-0549,myspace.com,
Lillian,Robinson,lrobinsonpz@narod.ru,Vyzhnytsya,15/06/1982,380-(303)466-2383,ustream.tv,
Juan,Ellis,jellisq0@zimbio.com,Jingyao,31/07/1980,86-(490)210-9840,bloomberg.com,
Annie,Knight,aknightq1@posterous.com,Zango,14/03/1983,234-(341)670-9628,msn.com,
Kathy,Cunningham,kcunninghamq2@cornell.edu,Dahua,04/05/1980,86-(842)681-7170,skype.com,
Mildred,Diaz,mdiazq3@loc.gov,Stan-Bekhtemir,17/09/1980,7-(373)823-3229,mozilla.org,
Todd,Bowman,tbowmanq4@macromedia.com,Nova Varoš,06/03/1987,381-(864)658-2048,csmonitor.com,
Ryan,James,rjamesq5@feedburner.com,Vales,17/03/1990,351-(619)332-1007,clickbank.net,
Christopher,Gibson,cgibsonq6@nasa.gov,Bojongaren,15/12/1982,62-(528)156-3513,hud.gov,
Janice,Arnold,jarnoldq7@dmoz.org,San Agustín de Valle Fértil,21/11/1987,54-(659)115-5855,cargocollective.com,
Melissa,Gomez,mgomezq8@yandex.ru,Radā‘,27/07/1989,967-(647)865-3168,sohu.com,
Eugene,George,egeorgeq9@liveinternet.ru,Stockholm,16/11/1980,46-(720)461-4401,craigslist.org,
Robin,Sims,rsimsqa@hhs.gov,Detroit,02/03/1984,1-(313)995-2838,drupal.org,
Jonathan,Wilson,jwilsonqb@about.com,Kinsealy-Drinan,25/07/1985,353-(285)826-1285,go.com,
Joyce,Lane,jlaneqc@mashable.com,Meipu,24/07/1987,86-(377)654-9481,microsoft.com,
Brian,Young,byoungqd@mozilla.com,Kuala Lumpur,07/01/1988,60-(334)163-4721,diigo.com,
Tammy,Davis,tdavisqe@xing.com,Hakha,21/09/1981,95-(839)328-0165,wikispaces.com,
Benjamin,Hamilton,bhamiltonqf@addthis.com,Dahedian,27/11/1987,86-(968)986-9523,ox.ac.uk,
Arthur,Franklin,afranklinqg@dropbox.com,Nampera,03/09/1989,62-(917)226-6428,dropbox.com,
Mary,Webb,mwebbqh@discuz.net,Géfyra,07/10/1986,30-(564)161-5880,theglobeandmail.com,
Richard,Brown,rbrownqi@woothemes.com,Umbuldamar,08/08/1987,62-(244)869-9406,pen.io,
Stephen,Mendoza,smendozaqj@webeden.co.uk,Maebaru,18/08/1984,81-(815)167-2200,samsung.com,
Patrick,Simpson,psimpsonqk@t.co,Machang,30/11/1988,86-(631)731-0314,cbsnews.com,
Nancy,Simmons,nsimmonsql@deliciousdays.com,Ridder,12/03/1984,7-(342)540-3381,dmoz.org,
Betty,Ramos,bramosqm@edublogs.org,Rejowinangun,27/03/1982,62-(590)318-7408,mac.com,
Sarah,Ford,sfordqn@netvibes.com,Wińsko,11/02/1982,48-(953)452-0189,howstuffworks.com,
Wayne,Sullivan,wsullivanqo@telegraph.co.uk,Road Town,01/08/1988,1-(262)516-4101,histats.com,
Paula,Lynch,plynchqp@chron.com,Bojawa,27/01/1983,62-(130)588-1888,mysql.com,
Roy,Arnold,rarnoldqq@google.com.br,Shihuiqiao,03/06/1984,86-(305)947-3742,zdnet.com,
William,James,wjamesqr@msu.edu,Cilebang Satu,26/04/1986,62-(212)828-0407,icq.com,
Henry,Reyes,hreyesqs@1688.com,San Luis,19/11/1986,63-(312)644-6250,weibo.com,
Nancy,Romero,nromeroqt@zimbio.com,Meikeng,25/10/1980,86-(952)381-5352,weebly.com,
Nicholas,Henry,nhenryqu@theguardian.com,Rangpur,28/05/1988,880-(495)398-2142,earthlink.net,
Timothy,Porter,tporterqv@goo.ne.jp,Roma,15/04/1981,39-(311)787-5274,163.com,
Fred,Turner,fturnerqw@amazon.co.jp,Rancaerang,16/03/1985,62-(611)911-5798,ftc.gov,
Mark,Bell,mbellqx@wix.com,Janikowo,02/03/1984,48-(891)491-3793,wikimedia.org,
Ryan,Wright,rwrightqy@chicagotribune.com,Nador,04/11/1980,212-(547)186-0059,vimeo.com,
Michelle,Moreno,mmorenoqz@zdnet.com,Kolbudy,21/09/1980,48-(402)173-9136,cnbc.com,
Timothy,Kennedy,tkennedyr0@mit.edu,Niška Banja,20/06/1989,381-(518)742-2466,sun.com,
Michael,Chapman,mchapmanr1@a8.net,Vavoua,25/08/1982,225-(227)979-5882,comcast.net,
Chris,Gilbert,cgilbertr2@php.net,Sarpsborg,06/06/1983,47-(663)207-2648,is.gd,
Alice,Gomez,agomezr3@gmpg.org,Wendengying,20/07/1981,86-(190)370-2865,ucla.edu,
Henry,Perez,hperezr4@photobucket.com,Kuntong,08/04/1988,86-(257)222-6277,ameblo.jp,
Carolyn,Warren,cwarrenr5@upenn.edu,Retkovci,23/10/1985,385-(665)255-9088,t.co,
Paula,Sims,psimsr6@nifty.com,Bouabout,25/02/1990,212-(917)122-2282,acquirethisname.com,
Billy,Hunter,bhunterr7@unblog.fr,Wolowona,16/01/1984,62-(755)216-4362,skype.com,
Mildred,Hansen,mhansenr8@csmonitor.com,Sylvan Lake,04/03/1983,1-(656)506-2555,skyrock.com,
Lori,Cox,lcoxr9@ucoz.ru,Arroyo Salado,01/06/1983,1-(963)139-4745,bandcamp.com,
Diana,Lane,dlanera@gmpg.org,Carusucan,05/06/1987,63-(611)510-2076,walmart.com,
Jerry,Alvarez,jalvarezrb@photobucket.com,Gugut,10/06/1982,62-(239)289-5486,yandex.ru,
Julie,Perry,jperryrc@lycos.com,Zdenci,21/07/1989,385-(109)432-6938,baidu.com,
Lori,Hudson,lhudsonrd@boston.com,Bhāndāria,25/02/1989,880-(660)297-4052,google.cn,
Teresa,Meyer,tmeyerre@xing.com,Rutul,27/07/1983,7-(680)796-4431,who.int,
Sarah,Gilbert,sgilbertrf@dailymail.co.uk,Juupajoki,15/12/1982,358-(838)351-3550,topsy.com,
Theresa,Carter,tcarterrg@netscape.com,Manlucahoc,29/07/1989,63-(209)472-3709,cocolog-nifty.com,
Carol,Hicks,chicksrh@skyrock.com,Yaodian,12/07/1988,86-(262)707-5401,fda.gov,
John,Garcia,jgarciari@360.cn,Genova,26/10/1983,39-(638)438-5691,icq.com,
Marilyn,Mendoza,mmendozarj@yahoo.co.jp,Ngajum,31/05/1983,62-(985)196-0094,auda.org.au,
Michelle,Arnold,marnoldrk@un.org,Vladimirskaya,27/12/1983,7-(645)334-6971,google.fr,
Amanda,Hernandez,ahernandezrl@google.com.au,Mayqayyng,14/11/1984,7-(213)649-9784,cbc.ca,
Sean,Wells,swellsrm@icq.com,Tongbang,26/02/1981,62-(131)213-8767,bbc.co.uk,
Nancy,Freeman,nfreemanrn@amazon.co.uk,Qixian,11/09/1982,86-(833)787-1134,huffingtonpost.com,
Edward,Porter,eporterro@quantcast.com,Kinamayan,04/10/1986,63-(720)749-3379,newsvine.com,
Joyce,Fowler,jfowlerrp@domainmarket.com,Angono,03/06/1989,63-(333)761-7742,weather.com,
Doris,Hill,dhillrq@theglobeandmail.com,Malāyer,27/02/1985,98-(893)563-5838,slashdot.org,
Antonio,Cunningham,acunninghamrr@redcross.org,Dabola,18/09/1986,224-(972)659-0150,zdnet.com,
